id,number,title,state,created_at,updated_at,closed_at,assignee,milestone,html_url,refatoracao,testes_regressao,prioridade,tempo_resolucao_dias
2814662161,41183,Provide a general summary of the issue,closed,2025-01-28 05:21:36+00:00,2025-01-28 06:26:07+00:00,2025-01-28 06:26:07+00:00,,,https://github.com/twbs/bootstrap/issues/41183,False,False,m√©dia,0
2806080367,41171,Build(deps-dev): Bump the development-dependencies group across 1 directory with 3 updates,closed,2025-01-23 06:54:09+00:00,2025-01-23 06:57:40+00:00,2025-01-23 06:57:39+00:00,,,https://github.com/twbs/bootstrap/pull/41171,False,False,m√©dia,0
2802002054,41169,Animation problem,closed,2025-01-21 14:24:26+00:00,2025-01-22 19:26:55+00:00,2025-01-22 19:26:54+00:00,,,https://github.com/twbs/bootstrap/issues/41169,False,False,m√©dia,1
2801431974,41168,Build(deps-dev): Bump the development-dependencies group with 2 updates,closed,2025-01-21 10:46:30+00:00,2025-01-23 06:54:01+00:00,2025-01-23 06:54:00+00:00,,,https://github.com/twbs/bootstrap/pull/41168,False,False,m√©dia,1
2799523829,41166,$border-widths map don't use $border-width variable,closed,2025-01-20 15:10:19+00:00,2025-01-20 18:23:54+00:00,2025-01-20 18:23:53+00:00,,,https://github.com/twbs/bootstrap/issues/41166,False,False,m√©dia,0
2797796118,41163,Please ship a new patch version,closed,2025-01-19 19:41:13+00:00,2025-01-20 18:24:51+00:00,2025-01-20 18:24:50+00:00,,,https://github.com/twbs/bootstrap/issues/41163,False,False,m√©dia,0
2796928618,41162,Sortable.js doesn't work with bootstrap 5 modal,closed,2025-01-18 11:26:41+00:00,2025-01-20 18:22:23+00:00,2025-01-20 18:22:22+00:00,,,https://github.com/twbs/bootstrap/issues/41162,False,False,m√©dia,2
2796799258,41160,Breaking Change: `@import` and global built-in functions. Please support this major changes in Sass,closed,2025-01-18 06:43:32+00:00,2025-01-21 02:15:37+00:00,2025-01-20 10:28:57+00:00,,,https://github.com/twbs/bootstrap/issues/41160,False,False,m√©dia,2
2789602232,41156,"Cannot build 5.3.3, stopped at syncing docs",closed,2025-01-15 11:52:17+00:00,2025-01-15 21:57:35+00:00,2025-01-15 21:57:34+00:00,,,https://github.com/twbs/bootstrap/issues/41156,False,False,m√©dia,0
2789569191,41155,Build(deps-dev): Bump the development-dependencies group across 1 directory with 4 updates,closed,2025-01-15 11:38:36+00:00,2025-01-15 11:44:17+00:00,2025-01-15 11:44:15+00:00,,,https://github.com/twbs/bootstrap/pull/41155,False,False,m√©dia,0
2786830250,41152,Build(deps-dev): Bump the development-dependencies group across 1 directory with 4 updates,closed,2025-01-14 10:53:07+00:00,2025-01-15 11:38:43+00:00,2025-01-15 11:38:41+00:00,,,https://github.com/twbs/bootstrap/pull/41152,False,False,m√©dia,1
2776354395,41146,IPhone Keyboard block Bootstrap 5 Bottom Canvas,closed,2025-01-08 21:09:28+00:00,2025-01-10 09:47:16+00:00,2025-01-10 09:47:16+00:00,,,https://github.com/twbs/bootstrap/issues/41146,False,False,m√©dia,1
2776329810,41145,Kinda min width by .col elements within nested grid system?,closed,2025-01-08 20:53:54+00:00,2025-01-12 21:11:52+00:00,2025-01-12 21:11:52+00:00,,,https://github.com/twbs/bootstrap/issues/41145,False,False,m√©dia,4
2774979980,41144,feat: add responsive support to background-color utility,closed,2025-01-08 10:21:32+00:00,2025-01-12 21:13:52+00:00,2025-01-12 21:13:52+00:00,,,https://github.com/twbs/bootstrap/pull/41144,False,False,m√©dia,4
2772501436,41140,Build(deps-dev): Bump the development-dependencies group across 1 directory with 2 updates,closed,2025-01-07 10:41:46+00:00,2025-01-14 10:52:56+00:00,2025-01-14 10:52:54+00:00,,,https://github.com/twbs/bootstrap/pull/41140,False,False,m√©dia,7
2772045590,41138,Link a modal backdrop to its open Modal,closed,2025-01-07 06:58:10+00:00,2025-01-12 21:19:58+00:00,2025-01-12 21:19:57+00:00,,,https://github.com/twbs/bootstrap/issues/41138,False,False,m√©dia,5
2768310421,41133,"When using dark-theme safari search/tab bar background stays static as the dark theme background color, in light theme it is properly blurring the content behind it.",closed,2025-01-04 00:10:54+00:00,2025-01-12 21:19:23+00:00,2025-01-12 21:19:23+00:00,,,https://github.com/twbs/bootstrap/issues/41133,False,False,m√©dia,8
2768182079,41132,chore: bump license year,closed,2025-01-03 21:14:24+00:00,2025-01-15 11:53:37+00:00,2025-01-15 11:53:37+00:00,,,https://github.com/twbs/bootstrap/pull/41132,False,False,m√©dia,11
2764242762,41127,Build(deps-dev): Bump the development-dependencies group across 1 directory with 2 updates,closed,2024-12-31 10:54:56+00:00,2025-01-07 10:41:53+00:00,2025-01-07 10:41:51+00:00,,,https://github.com/twbs/bootstrap/pull/41127,False,False,m√©dia,6
2762396813,41126,Fix display issues of close button in contextual light and dark modes,closed,2024-12-29 20:33:46+00:00,2024-12-31 08:09:02+00:00,2024-12-31 08:09:00+00:00,,,https://github.com/twbs/bootstrap/pull/41126,False,False,m√©dia,1
2762175431,41125,Main,closed,2024-12-29 09:32:49+00:00,2024-12-29 10:36:06+00:00,2024-12-29 09:48:09+00:00,,,https://github.com/twbs/bootstrap/pull/41125,False,False,m√©dia,0
2761460096,41124,Scrollspy component js error issue,closed,2024-12-28 04:47:07+00:00,2024-12-28 13:08:19+00:00,2024-12-28 06:31:47+00:00,,,https://github.com/twbs/bootstrap/issues/41124,False,False,m√©dia,0
2761411321,41123,Bluesky icon,closed,2024-12-28 03:12:17+00:00,2024-12-28 06:29:27+00:00,2024-12-28 06:29:21+00:00,,,https://github.com/twbs/bootstrap/issues/41123,False,False,m√©dia,0
2758828021,41122,Add Responsive Pokemon Cards Interface,closed,2024-12-25 14:08:30+00:00,2024-12-26 11:46:03+00:00,2024-12-26 11:46:03+00:00,,,https://github.com/twbs/bootstrap/pull/41122,False,False,m√©dia,0
2758389119,41121,Update dependabot.yml,closed,2024-12-25 01:14:37+00:00,2024-12-25 07:00:36+00:00,2024-12-25 07:00:36+00:00,,,https://github.com/twbs/bootstrap/pull/41121,False,False,m√©dia,0
2757563550,41120,Build(deps-dev): Bump the development-dependencies group with 2 updates,closed,2024-12-24 10:26:39+00:00,2024-12-31 10:55:02+00:00,2024-12-31 10:55:01+00:00,,,https://github.com/twbs/bootstrap/pull/41120,False,False,m√©dia,7
2754671395,41118,breakpoints interact badly with devicePixelRatio for DPI that are slightly above 96.,closed,2024-12-22 13:56:01+00:00,2024-12-28 07:20:39+00:00,2024-12-28 06:38:37+00:00,,,https://github.com/twbs/bootstrap/issues/41118,False,False,m√©dia,5
2753180857,41115,How to create responsible web for Samsung S24+ when the innerWidth is same regardless of orientation,closed,2024-12-20 17:37:17+00:00,2024-12-21 06:52:25+00:00,2024-12-21 06:52:25+00:00,,,https://github.com/twbs/bootstrap/issues/41115,False,False,m√©dia,0
2746985526,41110,Bug: Some CSS Variables Are Declared Only for the Light Theme,closed,2024-12-18 07:12:41+00:00,2024-12-18 07:16:52+00:00,2024-12-18 07:16:52+00:00,,,https://github.com/twbs/bootstrap/issues/41110,False,False,m√©dia,0
2745785026,41109,Build(deps-dev): Bump the development-dependencies group across 1 directory with 8 updates,closed,2024-12-17 18:59:30+00:00,2024-12-18 08:03:36+00:00,2024-12-18 08:03:34+00:00,,,https://github.com/twbs/bootstrap/pull/41109,False,False,m√©dia,0
2745144693,41108,Build(deps-dev): Bump the development-dependencies group across 1 directory with 8 updates,closed,2024-12-17 14:53:35+00:00,2024-12-17 18:59:37+00:00,2024-12-17 18:59:35+00:00,,,https://github.com/twbs/bootstrap/pull/41108,False,False,m√©dia,0
2744775774,41107,abce,closed,2024-12-17 12:14:10+00:00,2024-12-17 13:37:59+00:00,2024-12-17 13:37:59+00:00,,,https://github.com/twbs/bootstrap/pull/41107,False,False,m√©dia,0
2744550218,41106,Build(deps-dev): Bump the development-dependencies group across 1 directory with 8 updates,closed,2024-12-17 10:32:55+00:00,2024-12-17 14:53:42+00:00,2024-12-17 14:53:41+00:00,,,https://github.com/twbs/bootstrap/pull/41106,False,False,m√©dia,0
2742759891,41105,`!important` does not allow to override when using with CSS layers,closed,2024-12-16 15:53:09+00:00,2024-12-17 23:42:54+00:00,2024-12-17 23:42:53+00:00,,,https://github.com/twbs/bootstrap/issues/41105,False,False,m√©dia,1
2739147864,41098,Update a point in the RTL documentation,closed,2024-12-13 20:19:28+00:00,2024-12-16 09:21:18+00:00,2024-12-16 09:19:39+00:00,,,https://github.com/twbs/bootstrap/pull/41098,False,False,m√©dia,2
2736339662,41092, Multi-Step Form Component,closed,2024-12-12 16:16:12+00:00,2024-12-13 09:46:42+00:00,2024-12-13 07:15:53+00:00,,,https://github.com/twbs/bootstrap/issues/41092,False,False,m√©dia,0
2736292049,41091,Update README.md,closed,2024-12-12 15:55:48+00:00,2024-12-12 18:29:39+00:00,2024-12-12 18:29:39+00:00,,,https://github.com/twbs/bootstrap/pull/41091,False,False,m√©dia,0
2735571917,41090,"BS Modal on mobile view, throwing error on close button click",closed,2024-12-12 11:01:03+00:00,2024-12-17 06:22:54+00:00,2024-12-17 06:22:47+00:00,,,https://github.com/twbs/bootstrap/issues/41090,False,False,m√©dia,4
2735516285,41089,Bootstrap button not toggling on click event in my Django webapp,closed,2024-12-12 10:37:29+00:00,2024-12-16 08:51:03+00:00,2024-12-16 08:51:03+00:00,,,https://github.com/twbs/bootstrap/issues/41089,False,False,m√©dia,3
2729745162,41087,Build(deps-dev): Bump hugo-bin from 0.136.3 to 0.136.4 in the development-dependencies group,closed,2024-12-10 10:45:08+00:00,2024-12-17 10:32:37+00:00,2024-12-17 10:32:36+00:00,,,https://github.com/twbs/bootstrap/pull/41087,False,False,m√©dia,6
2728048508,41085,TypeError: Cannot read properties of undefined (reading 'keyboard') - Carousel Component Bootstrap v5.3.3,closed,2024-12-09 19:27:50+00:00,2025-01-01 15:10:16+00:00,2025-01-01 09:37:44+00:00,,,https://github.com/twbs/bootstrap/issues/41085,False,False,m√©dia,22
2726841204,41084,Rename Bootstrap to Axia,closed,2024-12-09 12:01:08+00:00,2024-12-09 12:03:34+00:00,2024-12-09 12:01:42+00:00,,,https://github.com/twbs/bootstrap/pull/41084,False,False,m√©dia,0
2724378087,41082,Build(deps-dev): Bump the development-dependencies group across 1 directory with 7 updates,closed,2024-12-07 05:25:32+00:00,2024-12-07 05:27:51+00:00,2024-12-07 05:27:49+00:00,,,https://github.com/twbs/bootstrap/pull/41082,False,False,m√©dia,0
2719096505,41072,How to create a search input,closed,2024-12-05 01:15:26+00:00,2024-12-05 06:00:09+00:00,2024-12-05 06:00:09+00:00,,,https://github.com/twbs/bootstrap/issues/41072,False,False,m√©dia,0
2715049432,41071,DEPRECATION WARNING in Ruby On Rails + React,closed,2024-12-03 13:33:39+00:00,2024-12-03 14:28:30+00:00,2024-12-03 14:28:23+00:00,,,https://github.com/twbs/bootstrap/issues/41071,False,False,m√©dia,0
2714666720,41070,Build(deps-dev): Bump the development-dependencies group across 1 directory with 5 updates,closed,2024-12-03 10:51:43+00:00,2024-12-07 05:25:13+00:00,2024-12-07 05:25:11+00:00,,,https://github.com/twbs/bootstrap/pull/41070,False,False,m√©dia,3
2712412307,41068,row > * css overriding col-* css after upgrading to bootstrap 5 from 4.,closed,2024-12-02 15:46:07+00:00,2024-12-02 19:37:12+00:00,2024-12-02 19:37:12+00:00,,,https://github.com/twbs/bootstrap/issues/41068,False,False,m√©dia,0
2705204378,41063,row > * css taking precedence instead of col-* css after upgrading to bootstrap 5 from 4.,closed,2024-11-29 13:56:06+00:00,2024-11-29 14:05:49+00:00,2024-11-29 14:05:49+00:00,,,https://github.com/twbs/bootstrap/issues/41063,False,False,m√©dia,0
2695474463,41061,Update README.md,closed,2024-11-26 17:13:18+00:00,2024-11-26 17:19:46+00:00,2024-11-26 17:19:46+00:00,,,https://github.com/twbs/bootstrap/pull/41061,False,False,m√©dia,0
2694039559,41060,Build(deps-dev): Bump the development-dependencies group across 1 directory with 4 updates,closed,2024-11-26 10:14:48+00:00,2024-12-03 10:51:24+00:00,2024-12-03 10:51:22+00:00,,,https://github.com/twbs/bootstrap/pull/41060,False,False,m√©dia,7
2685556589,41054,Update bug_report v 1.yml,closed,2024-11-23 07:25:19+00:00,2024-11-23 07:26:28+00:00,2024-11-23 07:26:08+00:00,,,https://github.com/twbs/bootstrap/pull/41054,False,False,m√©dia,0
2685481888,41053,Feature request: Add ability to disable submit button upon submitting a form,closed,2024-11-23 06:23:24+00:00,2024-12-28 06:39:36+00:00,2024-12-28 06:39:36+00:00,,,https://github.com/twbs/bootstrap/issues/41053,False,False,m√©dia,35
2682289859,41052,Doc: Fix link endpoint in dropdown documentation,closed,2024-11-22 08:14:33+00:00,2024-11-22 08:39:39+00:00,2024-11-22 08:39:39+00:00,,,https://github.com/twbs/bootstrap/pull/41052,False,False,m√©dia,0
2681931398,41050,CLASS 'mb-*' not working when added element using jquery .after(),closed,2024-11-22 06:00:57+00:00,2024-11-22 06:41:01+00:00,2024-11-22 06:41:01+00:00,,,https://github.com/twbs/bootstrap/issues/41050,False,False,m√©dia,0
2678128110,41045,Stacks was automatically wrapped when inputting Chinese,closed,2024-11-21 05:48:19+00:00,2024-11-21 06:55:01+00:00,2024-11-21 06:55:00+00:00,,,https://github.com/twbs/bootstrap/issues/41045,False,False,m√©dia,0
2675531912,41042,The `$spacer` variable is not available to use when importing the SCSS as the docs suggest,closed,2024-11-20 11:25:54+00:00,2024-11-21 07:09:46+00:00,2024-11-20 12:24:52+00:00,,,https://github.com/twbs/bootstrap/issues/41042,False,False,m√©dia,0
2674211966,41040,Themes Purchase Support,closed,2024-11-20 03:21:51+00:00,2024-11-21 20:15:44+00:00,2024-11-20 05:27:21+00:00,,,https://github.com/twbs/bootstrap/issues/41040,False,False,m√©dia,0
2671692343,41039,Build(deps-dev): Bump the development-dependencies group across 1 directory with 4 updates,closed,2024-11-19 10:44:18+00:00,2024-11-26 10:14:55+00:00,2024-11-26 10:14:53+00:00,,,https://github.com/twbs/bootstrap/pull/41039,False,False,m√©dia,6
2671640404,41038,Build(deps-dev): Bump the development-dependencies group across 1 directory with 5 updates,closed,2024-11-19 10:32:02+00:00,2024-11-19 10:44:04+00:00,2024-11-19 10:44:02+00:00,,,https://github.com/twbs/bootstrap/pull/41038,False,False,m√©dia,0
2666256270,41036,Docs: add warning callout for Yarn Berry,closed,2024-11-17 18:28:09+00:00,2024-11-22 09:54:12+00:00,2024-11-22 09:54:10+00:00,,,https://github.com/twbs/bootstrap/pull/41036,False,False,m√©dia,4
2659158337,41032,Bootstrap 5.3 Alerts are dispersing in  Chrome Version 131.0.6778.70 (Official Build) (64-bit),closed,2024-11-14 15:24:53+00:00,2024-11-15 05:44:35+00:00,2024-11-15 05:44:24+00:00,,,https://github.com/twbs/bootstrap/issues/41032,False,False,m√©dia,0
2655875576,41030,Docs: fix `.order` values in the migration guide,closed,2024-11-13 15:27:45+00:00,2024-11-13 16:29:04+00:00,2024-11-13 16:29:02+00:00,,,https://github.com/twbs/bootstrap/pull/41030,False,False,m√©dia,0
2655794095,41029,order-7 to order-12 missing?,closed,2024-11-13 14:57:22+00:00,2024-11-13 15:49:49+00:00,2024-11-13 15:22:50+00:00,,,https://github.com/twbs/bootstrap/issues/41029,False,False,m√©dia,0
2651724979,41026,Build(deps-dev): Bump the development-dependencies group with 3 updates,closed,2024-11-12 10:23:23+00:00,2024-11-19 10:31:46+00:00,2024-11-19 10:31:44+00:00,,,https://github.com/twbs/bootstrap/pull/41026,False,False,m√©dia,7
2650906758,41025,Update _buttons.scss,closed,2024-11-12 03:33:25+00:00,2024-11-12 05:29:28+00:00,2024-11-12 05:29:28+00:00,,,https://github.com/twbs/bootstrap/pull/41025,False,False,m√©dia,0
2650900449,41024,Update _reboot.scss,closed,2024-11-12 03:29:30+00:00,2024-11-12 05:29:12+00:00,2024-11-12 05:29:12+00:00,,,https://github.com/twbs/bootstrap/pull/41024,False,False,m√©dia,0
2647281738,41022,Create HTML,closed,2024-11-10 14:24:46+00:00,2024-11-10 14:53:09+00:00,2024-11-10 14:53:09+00:00,,,https://github.com/twbs/bootstrap/pull/41022,False,False,m√©dia,0
2645079144,41019,Offcanvas Navbar Focus Problem,closed,2024-11-08 20:26:34+00:00,2024-11-08 20:55:05+00:00,2024-11-08 20:55:05+00:00,,,https://github.com/twbs/bootstrap/issues/41019,False,False,m√©dia,0
2641463799,41015,Development,closed,2024-11-07 15:56:47+00:00,2024-11-07 16:42:21+00:00,2024-11-07 16:42:21+00:00,,,https://github.com/twbs/bootstrap/issues/41015,False,False,m√©dia,0
2640939046,41013,Align floating labels with form-select sizes,closed,2024-11-07 12:53:56+00:00,2024-11-15 17:57:27+00:00,2024-11-14 10:12:33+00:00,,,https://github.com/twbs/bootstrap/pull/41013,False,False,m√©dia,6
2640545865,41012,Update README.md,closed,2024-11-07 10:21:00+00:00,2024-11-07 10:26:36+00:00,2024-11-07 10:21:04+00:00,,,https://github.com/twbs/bootstrap/pull/41012,False,False,m√©dia,0
2637111817,41010,Build(deps-dev): Bump the development-dependencies group across 1 directory with 5 updates,closed,2024-11-06 05:51:32+00:00,2024-11-06 05:58:09+00:00,2024-11-06 05:58:08+00:00,,,https://github.com/twbs/bootstrap/pull/41010,False,False,m√©dia,0
2636641996,41009,Update README.md,closed,2024-11-05 22:49:11+00:00,2024-11-06 05:29:55+00:00,2024-11-05 22:49:18+00:00,,,https://github.com/twbs/bootstrap/pull/41009,False,False,m√©dia,0
2635237754,41008,Alignment issue with floating labels and small select (form-select-sm) padding in Bootstrap 5.3,closed,2024-11-05 11:48:36+00:00,2024-11-14 10:12:34+00:00,2024-11-14 10:12:34+00:00,,,https://github.com/twbs/bootstrap/issues/41008,False,False,m√©dia,8
2634991866,41007,Build(deps-dev): Bump the development-dependencies group across 1 directory with 4 updates,closed,2024-11-05 10:02:49+00:00,2024-11-06 05:51:17+00:00,2024-11-06 05:51:15+00:00,,,https://github.com/twbs/bootstrap/pull/41007,False,False,m√©dia,0
2634823866,41006,Update brand.md,closed,2024-11-05 08:52:44+00:00,2024-11-12 02:13:54+00:00,2024-11-12 02:13:53+00:00,,,https://github.com/twbs/bootstrap/pull/41006,False,False,m√©dia,6
2632582118,41004,Add workarounds for postcss-values-parser error (negative values in calc()),closed,2024-11-04 11:40:57+00:00,2024-12-18 08:51:19+00:00,2024-12-18 08:51:19+00:00,,,https://github.com/twbs/bootstrap/pull/41004,False,False,m√©dia,43
2631606525,41002,some styles,closed,2024-11-04 00:47:48+00:00,2024-11-04 05:17:38+00:00,2024-11-04 05:17:38+00:00,,,https://github.com/twbs/bootstrap/pull/41002,False,False,m√©dia,0
2626837796,41000,Update README.md,closed,2024-10-31 13:17:31+00:00,2024-10-31 13:29:44+00:00,2024-10-31 13:17:36+00:00,,,https://github.com/twbs/bootstrap/pull/41000,False,False,m√©dia,0
2626026517,40999,Fix typo in README,closed,2024-10-31 05:50:43+00:00,2024-10-31 06:30:42+00:00,2024-10-31 06:30:41+00:00,,,https://github.com/twbs/bootstrap/pull/40999,False,False,m√©dia,0
2620813425,40992,Build(deps-dev): Bump the development-dependencies group with 3 updates,closed,2024-10-29 10:27:02+00:00,2024-11-05 10:02:34+00:00,2024-11-05 10:02:31+00:00,,,https://github.com/twbs/bootstrap/pull/40992,False,False,m√©dia,6
2620016808,40991,Accordion flush in card has missing corners on bottom,closed,2024-10-29 03:17:53+00:00,2024-11-01 08:32:09+00:00,2024-11-01 08:32:08+00:00,,,https://github.com/twbs/bootstrap/issues/40991,False,False,m√©dia,3
2617592890,40990,Dashboard occmed,closed,2024-10-28 07:47:37+00:00,2024-10-28 07:52:34+00:00,2024-10-28 07:47:50+00:00,,,https://github.com/twbs/bootstrap/issues/40990,False,False,m√©dia,0
2616644443,40989,Update README.md,closed,2024-10-27 14:41:27+00:00,2024-10-27 17:40:44+00:00,2024-10-27 14:41:33+00:00,,,https://github.com/twbs/bootstrap/pull/40989,False,False,m√©dia,0
2613125779,40978,Build(deps-dev): Bump the development-dependencies group across 1 directory with 6 updates,closed,2024-10-25 05:36:39+00:00,2024-10-25 05:40:16+00:00,2024-10-25 05:40:15+00:00,,,https://github.com/twbs/bootstrap/pull/40978,False,False,m√©dia,0
2612722102,40977,Update README.md,closed,2024-10-24 23:16:07+00:00,2024-10-25 05:16:05+00:00,2024-10-24 23:16:16+00:00,,,https://github.com/twbs/bootstrap/pull/40977,False,False,m√©dia,0
2612267303,40975,Rename SECURITY.md to SECURITY.mda,closed,2024-10-24 18:12:15+00:00,2024-10-24 19:18:26+00:00,2024-10-24 19:17:56+00:00,,,https://github.com/twbs/bootstrap/pull/40975,False,False,m√©dia,0
2612257633,40974,Provide a general summary of the issue,closed,2024-10-24 18:06:26+00:00,2024-10-24 19:17:35+00:00,2024-10-24 19:17:29+00:00,,,https://github.com/twbs/bootstrap/issues/40974,False,False,m√©dia,0
2611275703,40973,Docs: correct example formatting in 'Utilities > API' for linting compliance,closed,2024-10-24 11:26:22+00:00,2024-10-24 11:38:37+00:00,2024-10-24 11:38:35+00:00,,,https://github.com/twbs/bootstrap/pull/40973,False,False,m√©dia,0
2610584874,40971,Build(deps-dev): Bump the development-dependencies group across 1 directory with 6 updates,closed,2024-10-24 06:17:28+00:00,2024-10-25 05:36:45+00:00,2024-10-25 05:36:43+00:00,,,https://github.com/twbs/bootstrap/pull/40971,False,False,m√©dia,0
2606213309,40969,Docs: Modernize footer design and improve visual hierarchy,closed,2024-10-22 18:46:40+00:00,2024-12-04 05:27:07+00:00,2024-12-04 05:27:06+00:00,,,https://github.com/twbs/bootstrap/pull/40969,False,False,m√©dia,42
2606138794,40967,Improve Footer Layout and Color for a More Professional and Attractive Appearance,closed,2024-10-22 18:08:37+00:00,2024-10-23 13:02:24+00:00,2024-10-23 05:31:08+00:00,,,https://github.com/twbs/bootstrap/issues/40967,False,False,m√©dia,0
2605253793,40965,Docs: Use `<article>` element for example cards,closed,2024-10-22 12:02:04+00:00,2024-12-10 12:04:23+00:00,2024-12-10 12:03:19+00:00,,,https://github.com/twbs/bootstrap/pull/40965,False,False,m√©dia,49
2604916243,40964,Build(deps-dev): Bump the development-dependencies group with 3 updates,closed,2024-10-22 09:54:12+00:00,2024-10-24 06:17:07+00:00,2024-10-24 06:17:06+00:00,,,https://github.com/twbs/bootstrap/pull/40964,False,False,m√©dia,1
2599370561,40959,Simpler tooltip initialization,closed,2024-10-19 16:27:16+00:00,2024-11-16 05:59:14+00:00,2024-10-19 16:37:49+00:00,,,https://github.com/twbs/bootstrap/pull/40959,False,False,m√©dia,0
2597881997,40958,Add Bootstrap Brand Color Guidelines and Related Color Codes,closed,2024-10-18 15:52:56+00:00,2024-10-19 02:35:45+00:00,2024-10-18 16:04:24+00:00,,,https://github.com/twbs/bootstrap/pull/40958,False,False,m√©dia,0
2596777241,40955,Update README.md,closed,2024-10-18 08:02:50+00:00,2024-10-18 08:43:39+00:00,2024-10-18 08:03:00+00:00,,,https://github.com/twbs/bootstrap/pull/40955,False,False,m√©dia,0
2596639936,40954,This is a good testÔºÅ,closed,2024-10-18 07:09:00+00:00,2024-10-18 07:20:48+00:00,2024-10-18 07:20:47+00:00,,,https://github.com/twbs/bootstrap/pull/40954,False,True,m√©dia,0
2593810475,40953,Build(deps-dev): Bump the development-dependencies group across 1 directory with 6 updates,closed,2024-10-17 06:57:08+00:00,2024-10-17 07:18:35+00:00,2024-10-17 07:18:33+00:00,,,https://github.com/twbs/bootstrap/pull/40953,False,False,m√©dia,0
2593795303,40952,Build(deps-dev): Bump the development-dependencies group across 1 directory with 7 updates,closed,2024-10-17 06:51:10+00:00,2024-10-17 06:56:48+00:00,2024-10-17 06:56:47+00:00,,,https://github.com/twbs/bootstrap/pull/40952,False,False,m√©dia,0
2591557171,40951,Docs: fix example hiding element except on medium and large devices in 'Utilities > Display > Hiding elements',closed,2024-10-16 11:21:12+00:00,2024-10-16 15:06:27+00:00,2024-10-16 15:06:25+00:00,,,https://github.com/twbs/bootstrap/pull/40951,False,False,m√©dia,0
2590836459,40950,Build(deps-dev): Bump the development-dependencies group across 1 directory with 5 updates,closed,2024-10-16 06:52:05+00:00,2024-10-17 06:50:49+00:00,2024-10-17 06:50:47+00:00,,,https://github.com/twbs/bootstrap/pull/40950,False,False,m√©dia,0
2590573180,40949,Fix insufficient contrast on borders,closed,2024-10-16 04:26:45+00:00,2024-10-17 04:05:47+00:00,2024-10-16 05:12:51+00:00,,,https://github.com/twbs/bootstrap/pull/40949,False,False,m√©dia,0
2589183391,40948,Inconsistent accessibility behavior within the auto-close behavior of dropdowns ,closed,2024-10-15 15:41:48+00:00,2024-10-28 11:37:50+00:00,2024-10-27 11:53:14+00:00,,,https://github.com/twbs/bootstrap/issues/40948,False,False,m√©dia,11
2588206971,40947,Build(deps-dev): Bump the development-dependencies group with 3 updates,closed,2024-10-15 09:39:28+00:00,2024-10-16 06:51:49+00:00,2024-10-16 06:51:48+00:00,,,https://github.com/twbs/bootstrap/pull/40947,False,False,m√©dia,0
2583888050,40944,This fixes #40923,closed,2024-10-13 11:15:31+00:00,2024-10-20 05:25:53+00:00,2024-10-13 15:51:21+00:00,,,https://github.com/twbs/bootstrap/pull/40944,False,False,m√©dia,0
2583776368,40943,hello Bootstrap Readme,closed,2024-10-13 08:20:48+00:00,2024-10-13 08:21:23+00:00,2024-10-13 08:21:23+00:00,,,https://github.com/twbs/bootstrap/pull/40943,False,False,m√©dia,0
2583736317,40942,Docs: fix the grammar mistakes in README.md,closed,2024-10-13 07:30:50+00:00,2024-11-15 05:43:05+00:00,2024-11-15 05:43:05+00:00,,,https://github.com/twbs/bootstrap/pull/40942,False,False,m√©dia,32
2582728963,40939,i added hello in readme file,closed,2024-10-12 09:37:27+00:00,2024-10-12 09:38:07+00:00,2024-10-12 09:38:07+00:00,,,https://github.com/twbs/bootstrap/pull/40939,False,False,m√©dia,0
2581203524,40938,Responsiveness,closed,2024-10-11 11:54:42+00:00,2024-10-11 13:03:59+00:00,2024-10-11 13:03:59+00:00,,,https://github.com/twbs/bootstrap/issues/40938,False,False,m√©dia,0
2580604336,40936,twitching animation when using collapse,closed,2024-10-11 07:02:15+00:00,2024-10-11 07:53:43+00:00,2024-10-11 07:53:43+00:00,,,https://github.com/twbs/bootstrap/issues/40936,False,False,m√©dia,0
2580534910,40934,removed bootstrap-4 from footer,closed,2024-10-11 06:20:15+00:00,2024-10-11 06:32:41+00:00,2024-10-11 06:32:35+00:00,,,https://github.com/twbs/bootstrap/pull/40934,False,False,m√©dia,0
2579516204,40933,[Docs] yarn berry installation,closed,2024-10-10 18:10:45+00:00,2024-11-17 18:29:50+00:00,2024-11-15 05:42:34+00:00,,,https://github.com/twbs/bootstrap/issues/40933,False,False,m√©dia,35
2579237318,40932,Docs: add ngx-bootstrap to JavaScript frameworks list,closed,2024-10-10 15:47:31+00:00,2024-10-21 13:47:41+00:00,2024-10-21 13:47:40+00:00,,,https://github.com/twbs/bootstrap/pull/40932,False,False,m√©dia,10
2578262678,40931,Fix: correct typo in background-blend-mode value,closed,2024-10-10 09:46:26+00:00,2024-10-10 15:40:04+00:00,2024-10-10 15:40:04+00:00,,,https://github.com/twbs/bootstrap/pull/40931,False,False,m√©dia,0
2576683307,40929,Build(deps): Bump the npm_and_yarn group with 2 updates,closed,2024-10-09 18:49:02+00:00,2024-10-09 19:21:53+00:00,2024-10-09 19:21:50+00:00,,,https://github.com/twbs/bootstrap/pull/40929,False,False,m√©dia,0
2575955098,40928,Update css-grid.md,closed,2024-10-09 13:32:17+00:00,2024-12-18 09:22:10+00:00,2024-12-18 09:22:10+00:00,,,https://github.com/twbs/bootstrap/pull/40928,False,False,m√©dia,69
2575555824,40926,Add Colors to Bootstrap Brand Section,closed,2024-10-09 10:53:34+00:00,2024-11-14 01:22:07+00:00,2024-11-14 01:22:07+00:00,,,https://github.com/twbs/bootstrap/issues/40926,False,False,m√©dia,35
2575018888,40925,Fix: working with Sass 1.79.4,closed,2024-10-09 07:19:32+00:00,2024-10-09 07:28:07+00:00,2024-10-09 07:27:27+00:00,,,https://github.com/twbs/bootstrap/pull/40925,False,False,m√©dia,0
2572844510,40921,Docs: consider adding ngx-bootstrap as a JavaScript framework,closed,2024-10-08 10:56:20+00:00,2024-10-21 13:47:41+00:00,2024-10-21 13:47:40+00:00,,,https://github.com/twbs/bootstrap/issues/40921,False,False,m√©dia,13
2572688836,40920,Build(deps-dev): Bump the development-dependencies group across 1 directory with 6 updates,closed,2024-10-08 09:50:40+00:00,2024-10-09 18:48:20+00:00,2024-10-09 18:48:19+00:00,,,https://github.com/twbs/bootstrap/pull/40920,False,False,m√©dia,1
2572673209,40919,Build(deps-dev): Bump the development-dependencies group with 7 updates,closed,2024-10-08 09:44:59+00:00,2024-10-08 09:50:21+00:00,2024-10-08 09:50:18+00:00,,,https://github.com/twbs/bootstrap/pull/40919,False,False,m√©dia,0
2571154069,40916,Fix: Clipboard icon not showing after multiple press ,closed,2024-10-07 18:27:00+00:00,2024-10-07 19:44:38+00:00,2024-10-07 19:44:38+00:00,,,https://github.com/twbs/bootstrap/pull/40916,False,False,m√©dia,0
2569465667,40914,Docs: drop useless `.justify-content-start` class in homepage,closed,2024-10-07 06:35:49+00:00,2024-10-07 06:47:27+00:00,2024-10-07 06:47:26+00:00,,,https://github.com/twbs/bootstrap/pull/40914,False,False,m√©dia,0
2568661180,40913,Auto URL Sync While Scroll,closed,2024-10-06 13:25:30+00:00,2024-10-06 15:18:36+00:00,2024-10-06 15:18:30+00:00,,,https://github.com/twbs/bootstrap/issues/40913,False,False,m√©dia,0
2567968956,40911,fix transparent navbar in windows high contrast mode,closed,2024-10-05 12:26:34+00:00,2024-10-24 08:37:41+00:00,2024-10-24 08:37:41+00:00,,,https://github.com/twbs/bootstrap/pull/40911,False,False,m√©dia,18
2567228519,40910,Update alert.js,closed,2024-10-04 19:53:52+00:00,2024-10-22 10:47:30+00:00,2024-10-04 19:59:06+00:00,,,https://github.com/twbs/bootstrap/pull/40910,False,False,m√©dia,0
2566941328,40909,Add twitter new logo (X),closed,2024-10-04 17:49:19+00:00,2024-10-05 05:52:09+00:00,2024-10-04 18:00:50+00:00,,,https://github.com/twbs/bootstrap/pull/40909,False,False,m√©dia,0
2566048834,40905,Navbar Brand is centered,closed,2024-10-04 10:36:05+00:00,2024-10-04 10:42:55+00:00,2024-10-04 10:42:55+00:00,,,https://github.com/twbs/bootstrap/issues/40905,False,False,m√©dia,0
2565660794,40903,Renamed SCSS variable $headings-color to $heading-color for consistency with CSS variable --heading-color,closed,2024-10-04 07:28:13+00:00,2024-10-07 06:24:24+00:00,2024-10-04 07:40:35+00:00,,,https://github.com/twbs/bootstrap/pull/40903,False,False,m√©dia,0
2565363927,40902,Column width (data-width) not working when table has scroll,closed,2024-10-04 03:39:54+00:00,2024-10-04 05:12:40+00:00,2024-10-04 05:12:40+00:00,,,https://github.com/twbs/bootstrap/issues/40902,False,False,m√©dia,0
2563721980,40900,Remove unnecessary duplicated CSS class name,closed,2024-10-03 10:46:03+00:00,2024-10-07 06:27:07+00:00,2024-10-07 06:27:06+00:00,,,https://github.com/twbs/bootstrap/pull/40900,False,False,m√©dia,3
2561122696,40896,Improve how the sublicense text is written in the license,closed,2024-10-02 09:49:45+00:00,2024-10-06 10:28:22+00:00,2024-10-06 10:28:22+00:00,,,https://github.com/twbs/bootstrap/pull/40896,False,False,m√©dia,4
2560673237,40895,Build(deps-dev): Bump the development-dependencies group across 1 directory with 9 updates,closed,2024-10-02 04:55:57+00:00,2024-10-02 05:11:25+00:00,2024-10-02 05:11:23+00:00,,,https://github.com/twbs/bootstrap/pull/40895,False,False,m√©dia,0
2560668901,40894,Build(deps-dev): Bump the development-dependencies group across 1 directory with 9 updates,closed,2024-10-02 04:50:45+00:00,2024-10-02 04:56:03+00:00,2024-10-02 04:56:01+00:00,,,https://github.com/twbs/bootstrap/pull/40894,False,False,m√©dia,0
2560665867,40893,Build(deps-dev): Bump the development-dependencies group across 1 directory with 10 updates,closed,2024-10-02 04:47:07+00:00,2024-10-02 04:50:22+00:00,2024-10-02 04:50:20+00:00,,,https://github.com/twbs/bootstrap/pull/40893,False,False,m√©dia,0
2560661926,40892,Build(deps-dev): Bump the development-dependencies group across 1 directory with 11 updates,closed,2024-10-02 04:42:20+00:00,2024-10-02 04:46:35+00:00,2024-10-02 04:46:33+00:00,,,https://github.com/twbs/bootstrap/pull/40892,False,False,m√©dia,0
2559871971,40890,What happened to negative margins in Bootstrap 5 and above?,closed,2024-10-01 18:03:12+00:00,2024-10-01 18:40:30+00:00,2024-10-01 18:27:47+00:00,,,https://github.com/twbs/bootstrap/issues/40890,False,False,m√©dia,0
2559586532,40889,Build(deps-dev): Bump the development-dependencies group with 12 updates,closed,2024-10-01 15:27:30+00:00,2024-10-02 04:41:37+00:00,2024-10-02 04:41:35+00:00,,,https://github.com/twbs/bootstrap/pull/40889,False,False,m√©dia,0
2559402215,40888,Dependabot: switch to grouped updates,closed,2024-10-01 14:22:31+00:00,2024-10-01 14:27:15+00:00,2024-10-01 14:27:13+00:00,,,https://github.com/twbs/bootstrap/pull/40888,False,False,m√©dia,0
2559382075,40887,Fix new stylelint-config-recess-order issues,closed,2024-10-01 14:14:14+00:00,2024-10-02 05:07:01+00:00,2024-10-02 05:07:00+00:00,,,https://github.com/twbs/bootstrap/pull/40887,False,False,m√©dia,0
2559363072,40886,Build(deps-dev): Bump rollup from 4.21.2 to 4.23.0 in the npm_and_yarn group,closed,2024-10-01 14:06:27+00:00,2024-10-01 14:08:38+00:00,2024-10-01 14:08:36+00:00,,,https://github.com/twbs/bootstrap/pull/40886,False,False,m√©dia,0
2558660642,40884,Build(deps-dev): Bump sass from 1.77.8 to 1.79.4,closed,2024-10-01 09:20:42+00:00,2024-10-01 14:27:30+00:00,2024-10-01 14:27:22+00:00,,,https://github.com/twbs/bootstrap/pull/40884,False,False,m√©dia,0
2558660508,40883,Build(deps-dev): Bump terser from 5.31.6 to 5.34.1,closed,2024-10-01 09:20:39+00:00,2024-10-01 14:42:02+00:00,2024-10-01 14:42:01+00:00,,,https://github.com/twbs/bootstrap/pull/40883,False,False,m√©dia,0
2558660499,40882,Build(deps-dev): Bump hugo-bin from 0.130.1 to 0.132.0,closed,2024-10-01 09:20:39+00:00,2024-10-01 14:10:48+00:00,2024-10-01 14:10:46+00:00,,,https://github.com/twbs/bootstrap/pull/40882,False,False,m√©dia,0
2554214071,40877,Remove unneeded docsearch-logo-color comment,closed,2024-09-28 13:12:37+00:00,2024-09-28 13:49:54+00:00,2024-09-28 13:21:48+00:00,,,https://github.com/twbs/bootstrap/pull/40877,False,False,m√©dia,0
2552832754,40876,Remove unneeded flexbug workaround,closed,2024-09-27 12:36:44+00:00,2024-10-02 05:21:32+00:00,2024-10-02 05:19:55+00:00,,,https://github.com/twbs/bootstrap/pull/40876,False,False,m√©dia,4
2545214185,40870,Docs: Update modal min-height inline style,closed,2024-09-24 12:05:23+00:00,2024-09-24 12:43:38+00:00,2024-09-24 12:43:37+00:00,,,https://github.com/twbs/bootstrap/pull/40870,False,False,m√©dia,0
2544847662,40869,Build(deps-dev): Bump sass from 1.77.8 to 1.79.3,closed,2024-09-24 09:23:08+00:00,2024-10-01 09:20:50+00:00,2024-10-01 09:20:48+00:00,,,https://github.com/twbs/bootstrap/pull/40869,False,False,m√©dia,6
2544847591,40868,Build(deps-dev): Bump terser from 5.31.6 to 5.33.0,closed,2024-09-24 09:23:06+00:00,2024-10-01 09:20:46+00:00,2024-10-01 09:20:43+00:00,,,https://github.com/twbs/bootstrap/pull/40868,False,False,m√©dia,6
2544847555,40867,Build(deps-dev): Bump hugo-bin from 0.130.1 to 0.131.3,closed,2024-09-24 09:23:05+00:00,2024-10-01 09:20:47+00:00,2024-10-01 09:20:45+00:00,,,https://github.com/twbs/bootstrap/pull/40867,False,False,m√©dia,6
2540489673,40865,"fix: SASS deprecated lighten, darken and color methods",closed,2024-09-21 19:59:21+00:00,2024-09-22 07:48:57+00:00,2024-09-22 07:48:57+00:00,,,https://github.com/twbs/bootstrap/pull/40865,False,False,m√©dia,0
2540197296,40864,Start compatibility work on SASS 2,closed,2024-09-21 11:27:26+00:00,2024-09-22 07:47:52+00:00,2024-09-22 07:47:51+00:00,,,https://github.com/twbs/bootstrap/pull/40864,False,False,m√©dia,0
2539817301,40862,Build(deps): Bump body-parser from 1.20.2 to 1.20.3 in the npm_and_yarn group,closed,2024-09-20 23:37:53+00:00,2024-10-01 14:05:35+00:00,2024-10-01 14:05:34+00:00,,,https://github.com/twbs/bootstrap/pull/40862,False,False,m√©dia,10
2539448430,40861,Bootstrap,closed,2024-09-20 18:44:51+00:00,2024-09-20 20:57:50+00:00,2024-09-20 20:57:50+00:00,,,https://github.com/twbs/bootstrap/issues/40861,False,False,m√©dia,0
2539396014,40860,üèÅ RoSctober 2024: The Open Source Developer Challenge is about to start,closed,2024-09-20 18:14:36+00:00,2024-09-20 20:57:33+00:00,2024-09-20 20:57:33+00:00,,,https://github.com/twbs/bootstrap/issues/40860,False,False,m√©dia,0
2538321514,40857,col-*-2 not properly configured,closed,2024-09-20 09:23:12+00:00,2024-09-21 20:05:46+00:00,2024-09-21 20:05:46+00:00,,,https://github.com/twbs/bootstrap/issues/40857,False,False,m√©dia,1
2536324591,40853,"What bootstrap is? How can I implement it if i'm learning html, css, and js?",closed,2024-09-19 13:19:32+00:00,2024-09-19 13:25:09+00:00,2024-09-19 13:25:09+00:00,,,https://github.com/twbs/bootstrap/issues/40853,False,False,m√©dia,0
2535726435,40852,Create note_urls.md,closed,2024-09-19 08:57:47+00:00,2024-09-19 09:05:55+00:00,2024-09-19 09:05:55+00:00,,,https://github.com/twbs/bootstrap/pull/40852,False,False,m√©dia,0
2534069646,40850,When using input-group splits when form.field is added,closed,2024-09-18 15:32:23+00:00,2024-10-05 00:17:22+00:00,2024-10-05 00:17:21+00:00,,,https://github.com/twbs/bootstrap/issues/40850,False,False,m√©dia,16
2533963210,40848,"""justify-content-end"" does not align flex items to the right",closed,2024-09-18 14:51:07+00:00,2024-09-19 10:22:08+00:00,2024-09-19 10:22:07+00:00,,,https://github.com/twbs/bootstrap/issues/40848,False,False,m√©dia,0
2533553691,40847,Uncaught TypeError: $(...).modal is not a function,closed,2024-09-18 12:06:12+00:00,2024-10-04 00:17:33+00:00,2024-10-04 00:17:32+00:00,,,https://github.com/twbs/bootstrap/issues/40847,False,False,m√©dia,15
2531054060,40845,Add sitemap to site,closed,2024-09-17 12:38:41+00:00,2024-09-17 13:53:42+00:00,2024-09-17 13:53:08+00:00,,,https://github.com/twbs/bootstrap/pull/40845,False,False,m√©dia,0
2531036158,40844,Docs: Remove mention about Safari's limited support flexbox gap,closed,2024-09-17 12:31:15+00:00,2024-09-18 13:40:39+00:00,2024-09-18 13:35:28+00:00,,,https://github.com/twbs/bootstrap/pull/40844,False,False,m√©dia,1
2530633376,40843,Build(deps-dev): Bump eslint from 8.57.0 to 8.57.1,closed,2024-09-17 09:45:15+00:00,2024-10-01 14:09:58+00:00,2024-10-01 14:09:56+00:00,,,https://github.com/twbs/bootstrap/pull/40843,False,False,m√©dia,14
2530632876,40842,Build(deps-dev): Bump npm-run-all2 from 6.2.2 to 6.2.3,closed,2024-09-17 09:45:02+00:00,2024-10-01 14:23:10+00:00,2024-10-01 14:23:08+00:00,,,https://github.com/twbs/bootstrap/pull/40842,False,False,m√©dia,14
2529715762,40840,Add Readme,closed,2024-09-17 00:22:46+00:00,2024-09-17 04:30:02+00:00,2024-09-17 04:30:02+00:00,,,https://github.com/twbs/bootstrap/pull/40840,False,False,m√©dia,0
2529488146,40839,"Carousel Images appear below currrent Image, and then replace it.",closed,2024-09-16 20:58:52+00:00,2024-09-17 05:11:07+00:00,2024-09-17 04:54:44+00:00,,,https://github.com/twbs/bootstrap/issues/40839,False,False,m√©dia,0
2526598627,40836,`.btn-group-sm` does not work with dropdown in Bootstrap 5.3.3,closed,2024-09-14 20:35:41+00:00,2024-09-16 11:04:17+00:00,2024-09-16 11:04:17+00:00,,,https://github.com/twbs/bootstrap/issues/40836,False,False,m√©dia,1
2525339133,40831,`--#{$prefix}form-invalid-border-color` is compiling as `border: 1px solid...`,closed,2024-09-13 17:34:15+00:00,2024-12-03 07:16:14+00:00,2024-09-29 00:19:31+00:00,,,https://github.com/twbs/bootstrap/issues/40831,False,False,m√©dia,15
2524887556,40830,go fuck yourself,closed,2024-09-13 13:42:37+00:00,2024-09-13 17:50:49+00:00,2024-09-13 14:27:17+00:00,,,https://github.com/twbs/bootstrap/issues/40830,False,False,m√©dia,0
2524376353,40828,Deprecation Warning with sass 1.78,closed,2024-09-13 09:39:25+00:00,2024-09-13 10:35:42+00:00,2024-09-13 10:23:51+00:00,,,https://github.com/twbs/bootstrap/issues/40828,False,False,m√©dia,0
2523793274,40825,ScrollSpy Problem,closed,2024-09-13 03:19:37+00:00,2024-09-13 05:01:31+00:00,2024-09-13 05:01:31+00:00,,,https://github.com/twbs/bootstrap/issues/40825,False,False,m√©dia,0
2521885301,40821,Docs: precise how to add new `.order-*` classes in 'Layout > Columns',closed,2024-09-12 09:40:46+00:00,2024-10-09 15:03:58+00:00,2024-10-09 15:03:55+00:00,,,https://github.com/twbs/bootstrap/pull/40821,False,False,m√©dia,27
2521516568,40818,Docs: fix `$enable-css-grid` ‚Üí `$enable-cssgrid` in 'Customize > Options',closed,2024-09-12 06:56:47+00:00,2024-10-02 05:31:49+00:00,2024-10-02 05:31:47+00:00,,,https://github.com/twbs/bootstrap/pull/40818,False,False,m√©dia,19
2519454335,40816,[Docs] Column order classes missing Sass variable name,closed,2024-09-11 11:19:59+00:00,2024-10-09 15:03:56+00:00,2024-10-09 15:03:56+00:00,,,https://github.com/twbs/bootstrap/issues/40816,False,False,m√©dia,28
2518408721,40813,Request for Refund Support,closed,2024-09-11 04:05:38+00:00,2024-09-11 05:30:49+00:00,2024-09-11 05:30:49+00:00,,,https://github.com/twbs/bootstrap/issues/40813,False,False,m√©dia,0
2518362430,40812,boo trap being used to I‚Äôm not exactly sure technically route my devices get me into adaptive web portal kind of relentlessly in person and digitally stalk. Me commit sex crimes involving girls that I know spying on me through the camera probably committing only God knows what a legal activities using the network that they‚Äôve placed me in,closed,2024-09-11 03:17:00+00:00,2024-09-11 05:34:00+00:00,2024-09-11 05:33:51+00:00,,,https://github.com/twbs/bootstrap/issues/40812,False,False,m√©dia,0
2516682476,40810,Bootstrap 4 not displaying the colour in Print review,closed,2024-09-10 14:45:39+00:00,2024-09-10 15:23:11+00:00,2024-09-10 15:23:11+00:00,,,https://github.com/twbs/bootstrap/issues/40810,False,False,m√©dia,0
2516584691,40809,Build(deps-dev): Bump hugo-bin from 0.130.1 to 0.131.2,closed,2024-09-10 14:06:56+00:00,2024-09-24 09:23:12+00:00,2024-09-24 09:23:10+00:00,,,https://github.com/twbs/bootstrap/pull/40809,False,False,m√©dia,13
2516544290,40808,Docs: add aria-label to SVG with tooltip,closed,2024-09-10 13:50:54+00:00,2024-09-26 13:03:48+00:00,2024-09-26 13:03:48+00:00,,,https://github.com/twbs/bootstrap/pull/40808,False,False,m√©dia,15
2515906499,40807,Build(deps-dev): Bump terser from 5.31.6 to 5.32.0,closed,2024-09-10 09:27:23+00:00,2024-09-24 09:23:13+00:00,2024-09-24 09:23:11+00:00,,,https://github.com/twbs/bootstrap/pull/40807,False,False,m√©dia,13
2515906023,40806,Build(deps-dev): Bump postcss from 8.4.44 to 8.4.45,closed,2024-09-10 09:27:12+00:00,2024-09-10 14:07:47+00:00,2024-09-10 14:07:45+00:00,,,https://github.com/twbs/bootstrap/pull/40806,False,False,m√©dia,0
2515905289,40805,Build(deps-dev): Bump hugo-bin from 0.130.1 to 0.131.1,closed,2024-09-10 09:26:57+00:00,2024-09-10 14:07:02+00:00,2024-09-10 14:07:01+00:00,,,https://github.com/twbs/bootstrap/pull/40805,False,False,m√©dia,0
2515904654,40804,Build(deps-dev): Bump sass from 1.77.8 to 1.78.0,closed,2024-09-10 09:26:42+00:00,2024-09-24 09:23:15+00:00,2024-09-24 09:23:13+00:00,,,https://github.com/twbs/bootstrap/pull/40804,False,False,m√©dia,13
2515639192,40803,Fix popover toggle twice to close,closed,2024-09-10 07:31:08+00:00,2024-09-12 08:24:57+00:00,2024-09-12 07:45:09+00:00,,,https://github.com/twbs/bootstrap/pull/40803,False,False,m√©dia,2
2515627835,40802,Popover not closed on toggle after show,closed,2024-09-10 07:25:27+00:00,2024-09-12 07:45:09+00:00,2024-09-12 07:45:09+00:00,,,https://github.com/twbs/bootstrap/issues/40802,False,False,m√©dia,2
2514934949,40801,Escape key is totally supressed in modal when data-bs-keyboard is false,closed,2024-09-09 21:14:59+00:00,2024-09-25 00:17:42+00:00,2024-09-25 00:17:42+00:00,,,https://github.com/twbs/bootstrap/issues/40801,False,False,m√©dia,15
2511517693,40799,Fix Cheatsheet examples horizontal scrolling,closed,2024-09-07 07:24:07+00:00,2024-10-08 06:42:26+00:00,2024-10-08 06:42:24+00:00,,,https://github.com/twbs/bootstrap/pull/40799,False,False,m√©dia,30
2511503707,40798,Cheatsheet horizontal scrolling,closed,2024-09-07 06:42:30+00:00,2024-10-08 06:42:25+00:00,2024-10-08 06:42:25+00:00,,,https://github.com/twbs/bootstrap/issues/40798,False,False,m√©dia,30
2509771803,40797,Docs: missing `$enable-css-grid` in options.md,closed,2024-09-06 07:54:39+00:00,2024-09-09 06:42:47+00:00,2024-09-09 06:42:47+00:00,,,https://github.com/twbs/bootstrap/pull/40797,False,False,m√©dia,2
2506016606,40793,Rama2,closed,2024-09-04 18:23:57+00:00,2024-09-04 18:37:09+00:00,2024-09-04 18:37:09+00:00,,,https://github.com/twbs/bootstrap/pull/40793,False,False,m√©dia,0
2502706933,40790,Docs: Drop `.grid` where it shouldn't be used,closed,2024-09-03 12:08:12+00:00,2024-10-09 15:45:10+00:00,2024-10-09 15:44:56+00:00,,,https://github.com/twbs/bootstrap/pull/40790,False,False,m√©dia,36
2502410978,40788,Build(deps-dev): Bump @babel/cli from 7.24.8 to 7.25.6,closed,2024-09-03 09:45:06+00:00,2024-09-03 09:47:22+00:00,2024-09-03 09:47:20+00:00,,,https://github.com/twbs/bootstrap/pull/40788,False,False,m√©dia,0
2502357362,40786,Build(deps-dev): Bump stylelint-config-twbs-bootstrap from 14.2.0 to 15.0.0,closed,2024-09-03 09:20:09+00:00,2024-09-03 09:41:13+00:00,2024-09-03 09:41:11+00:00,,,https://github.com/twbs/bootstrap/pull/40786,False,False,m√©dia,0
2502356944,40785,Build(deps-dev): Bump rollup from 4.21.1 to 4.21.2,closed,2024-09-03 09:19:57+00:00,2024-09-03 09:41:59+00:00,2024-09-03 09:41:57+00:00,,,https://github.com/twbs/bootstrap/pull/40785,False,False,m√©dia,0
2502356479,40784,Build(deps-dev): Bump postcss from 8.4.41 to 8.4.44,closed,2024-09-03 09:19:44+00:00,2024-09-04 08:01:26+00:00,2024-09-04 08:01:23+00:00,,,https://github.com/twbs/bootstrap/pull/40784,False,False,m√©dia,0
2502355983,40783,Build(deps-dev): Bump eslint-plugin-import from 2.29.1 to 2.30.0,closed,2024-09-03 09:19:29+00:00,2024-09-03 09:43:02+00:00,2024-09-03 09:43:00+00:00,,,https://github.com/twbs/bootstrap/pull/40783,False,False,m√©dia,0
2502355630,40782,Build(deps-dev): Bump rtlcss from 4.2.0 to 4.3.0,closed,2024-09-03 09:19:19+00:00,2024-09-03 09:44:21+00:00,2024-09-03 09:44:19+00:00,,,https://github.com/twbs/bootstrap/pull/40782,False,False,m√©dia,0
2498680022,40778,projek,closed,2024-08-31 06:39:27+00:00,2024-08-31 06:40:37+00:00,2024-08-31 06:40:03+00:00,,,https://github.com/twbs/bootstrap/issues/40778,False,False,m√©dia,0
2488818532,40775,Build(deps-dev): Bump rollup from 4.20.0 to 4.21.1,closed,2024-08-27 09:43:47+00:00,2024-08-27 12:26:03+00:00,2024-08-27 12:26:01+00:00,,,https://github.com/twbs/bootstrap/pull/40775,False,False,m√©dia,0
2488817518,40774,Build(deps-dev): Bump hugo-bin from 0.129.1 to 0.130.1,closed,2024-08-27 09:43:23+00:00,2024-08-27 12:27:38+00:00,2024-08-27 12:27:36+00:00,,,https://github.com/twbs/bootstrap/pull/40774,False,False,m√©dia,0
2488817119,40773,Build(deps-dev): Bump @babel/preset-env from 7.25.3 to 7.25.4,closed,2024-08-27 09:43:13+00:00,2024-08-27 12:27:13+00:00,2024-08-27 12:27:12+00:00,,,https://github.com/twbs/bootstrap/pull/40773,False,False,m√©dia,0
2487650538,40772,Documentation error,closed,2024-08-26 19:52:28+00:00,2024-08-29 08:11:42+00:00,2024-08-29 08:02:40+00:00,,,https://github.com/twbs/bootstrap/issues/40772,False,False,m√©dia,2
2487646303,40771,Question about attribution,closed,2024-08-26 19:49:59+00:00,2024-09-02 19:49:21+00:00,2024-09-02 19:49:21+00:00,,,https://github.com/twbs/bootstrap/issues/40771,False,False,m√©dia,6
2484819999,40770,npm package is NOT 5.3.3 - out of date or simple missing features,closed,2024-08-24 19:25:06+00:00,2024-08-24 20:08:51+00:00,2024-08-24 20:08:50+00:00,,,https://github.com/twbs/bootstrap/issues/40770,False,False,m√©dia,0
2483237099,40767,Docs: Indicate links in foreign language,closed,2024-08-23 14:08:38+00:00,2024-10-02 13:28:50+00:00,2024-10-02 13:28:49+00:00,,,https://github.com/twbs/bootstrap/pull/40767,False,False,m√©dia,39
2483183038,40766,"Docs: Make ""Edit in Stackblitz"" links explicit",closed,2024-08-23 13:41:49+00:00,2024-10-06 10:35:35+00:00,2024-10-06 10:35:35+00:00,,,https://github.com/twbs/bootstrap/pull/40766,False,False,m√©dia,43
2482918447,40765,New 4.6.x version solving CVE-2024-6531,closed,2024-08-23 11:17:35+00:00,2024-11-09 10:18:10+00:00,2024-08-23 12:30:18+00:00,,,https://github.com/twbs/bootstrap/issues/40765,False,False,m√©dia,0
2482652803,40764,Add Utility Class for Rounded Borders,closed,2024-08-23 08:51:32+00:00,2024-08-23 12:35:39+00:00,2024-08-23 12:35:39+00:00,,,https://github.com/twbs/bootstrap/issues/40764,False,False,m√©dia,0
2480889276,40762,Docs: clarify the subject of the About page,closed,2024-08-22 14:07:14+00:00,2024-09-04 07:17:54+00:00,2024-09-04 07:17:52+00:00,,,https://github.com/twbs/bootstrap/pull/40762,False,False,m√©dia,12
2480737013,40761,Numerous sass deprecation warnings,closed,2024-08-22 13:01:51+00:00,2024-08-22 13:32:19+00:00,2024-08-22 13:32:19+00:00,,,https://github.com/twbs/bootstrap/issues/40761,False,False,m√©dia,0
2478754984,40757,bootstrap docs: Windows high contrast: navbar has transparent background,closed,2024-08-21 18:40:40+00:00,2024-10-24 08:37:42+00:00,2024-10-24 08:37:42+00:00,,,https://github.com/twbs/bootstrap/issues/40757,False,False,m√©dia,63
2478053749,40756,Docs: missing aria-hidden on some decorative SVGs,closed,2024-08-21 13:30:35+00:00,2024-12-10 09:30:30+00:00,2024-12-10 09:29:02+00:00,,,https://github.com/twbs/bootstrap/pull/40756,False,False,m√©dia,110
2478009348,40755,Importing bootstrap.scss breaks SASS compilation for tables component,closed,2024-08-21 13:11:14+00:00,2024-08-22 07:27:07+00:00,2024-08-22 07:27:07+00:00,,,https://github.com/twbs/bootstrap/issues/40755,False,False,m√©dia,0
2477742081,40754,Bootstrap 5.3.3 bs-primary-rgb does not get overridden even after overriding primary colors and bg-primary,closed,2024-08-21 11:02:31+00:00,2024-08-28 10:45:28+00:00,2024-08-28 10:29:30+00:00,,,https://github.com/twbs/bootstrap/issues/40754,False,False,m√©dia,6
2475195646,40750,Build(deps-dev): Bump rollup from 4.20.0 to 4.21.0,closed,2024-08-20 09:42:46+00:00,2024-08-27 09:43:54+00:00,2024-08-27 09:43:53+00:00,,,https://github.com/twbs/bootstrap/pull/40750,False,False,m√©dia,7
2475194935,40749,Build(deps-dev): Bump stylelint from 16.8.1 to 16.8.2,closed,2024-08-20 09:42:28+00:00,2024-08-27 12:26:53+00:00,2024-08-27 12:26:50+00:00,,,https://github.com/twbs/bootstrap/pull/40749,False,False,m√©dia,7
2475194509,40748,Build(deps-dev): Bump hugo-bin from 0.129.1 to 0.129.2,closed,2024-08-20 09:42:17+00:00,2024-08-27 09:43:29+00:00,2024-08-27 09:43:27+00:00,,,https://github.com/twbs/bootstrap/pull/40748,False,False,m√©dia,7
2474430074,40746,Fix Sass deprecation warnings,closed,2024-08-19 23:30:50+00:00,2024-08-20 17:21:41+00:00,2024-08-20 06:33:39+00:00,,,https://github.com/twbs/bootstrap/issues/40746,False,False,m√©dia,0
2471712959,40742,Everything is in Arabic...,closed,2024-08-17 23:50:14+00:00,2024-08-20 06:31:12+00:00,2024-08-20 06:31:12+00:00,,,https://github.com/twbs/bootstrap/issues/40742,False,False,m√©dia,2
2468622941,40738,Update Twitter icon to X logo,closed,2024-08-15 18:04:02+00:00,2024-08-17 07:04:48+00:00,2024-08-17 07:04:48+00:00,,,https://github.com/twbs/bootstrap/pull/40738,False,False,m√©dia,1
2468107858,40736,Fix: Opening a modal with scrollbar-gutter: stable shifts the page content and shows white (non grey-overlayed) gutters,closed,2024-08-15 13:58:53+00:00,2024-09-04 10:12:59+00:00,2024-09-03 09:17:32+00:00,,,https://github.com/twbs/bootstrap/pull/40736,False,False,m√©dia,18
2467659611,40733,Fix: Added md breakpoint in the modal dialog in _modal.scss #40591,closed,2024-08-15 08:42:43+00:00,2024-08-19 07:40:20+00:00,2024-08-19 07:40:19+00:00,,,https://github.com/twbs/bootstrap/pull/40733,False,False,m√©dia,3
2467463399,40732,Header Link's href to Link to the Most Recent Version of the Same Article,closed,2024-08-15 05:55:06+00:00,2024-08-19 07:44:54+00:00,2024-08-19 07:44:53+00:00,,,https://github.com/twbs/bootstrap/issues/40732,False,False,m√©dia,4
2467186734,40731,Feature Request: Stacked Notifications with Auto and Manual Dismissal in Bootstrap,closed,2024-08-15 02:11:17+00:00,2024-09-03 00:16:14+00:00,2024-09-03 00:16:14+00:00,,,https://github.com/twbs/bootstrap/issues/40731,False,False,m√©dia,18
2465707186,40729,Bootstrap floating labels are no longer respecting text-overflow: ellipsis,closed,2024-08-14 12:30:29+00:00,2024-08-15 08:23:25+00:00,2024-08-15 08:23:25+00:00,,,https://github.com/twbs/bootstrap/issues/40729,False,False,m√©dia,0
2465671654,40728,Update components.md,closed,2024-08-14 12:13:34+00:00,2024-08-14 12:13:43+00:00,2024-08-14 12:13:43+00:00,,,https://github.com/twbs/bootstrap/pull/40728,False,False,m√©dia,0
2465671271,40727,Update components.md,closed,2024-08-14 12:13:22+00:00,2024-09-02 11:49:11+00:00,2024-09-02 11:49:11+00:00,,,https://github.com/twbs/bootstrap/pull/40727,False,False,m√©dia,18
2465197480,40726,Missing 'grid' and 'g-col-*' Classes,closed,2024-08-14 08:20:01+00:00,2024-10-11 05:06:49+00:00,2024-10-09 15:44:57+00:00,,,https://github.com/twbs/bootstrap/issues/40726,False,False,m√©dia,56
2463260145,40723,Build(deps-dev): Bump hugo-bin from 0.127.0 to 0.129.1,closed,2024-08-13 12:41:34+00:00,2024-08-13 12:53:45+00:00,2024-08-13 12:53:44+00:00,,,https://github.com/twbs/bootstrap/pull/40723,False,False,m√©dia,0
2463259760,40722,Build(deps-dev): Bump @babel/preset-env from 7.25.2 to 7.25.3,closed,2024-08-13 12:41:22+00:00,2024-08-13 12:52:17+00:00,2024-08-13 12:52:15+00:00,,,https://github.com/twbs/bootstrap/pull/40722,False,False,m√©dia,0
2463259284,40721,Build(deps-dev): Bump terser from 5.31.3 to 5.31.6,closed,2024-08-13 12:41:07+00:00,2024-08-13 12:53:13+00:00,2024-08-13 12:53:11+00:00,,,https://github.com/twbs/bootstrap/pull/40721,False,False,m√©dia,0
2463258749,40720,Build(deps-dev): Bump postcss from 8.4.40 to 8.4.41,closed,2024-08-13 12:40:51+00:00,2024-08-13 12:50:18+00:00,2024-08-13 12:50:16+00:00,,,https://github.com/twbs/bootstrap/pull/40720,False,False,m√©dia,0
2463240846,40719,Cross-Site Scripting (XSS) vulnerability - CVE-2024-6484,closed,2024-08-13 12:32:19+00:00,2024-12-19 17:07:40+00:00,2024-08-13 12:44:12+00:00,,,https://github.com/twbs/bootstrap/issues/40719,False,False,m√©dia,0
2462822798,40718,Build(deps-dev): Bump hugo-bin from 0.127.0 to 0.129.0,closed,2024-08-13 09:11:01+00:00,2024-08-13 12:41:39+00:00,2024-08-13 12:41:38+00:00,,,https://github.com/twbs/bootstrap/pull/40718,False,False,m√©dia,0
2461747307,40716,Feature Suggestion: Add Support to Disable Closing on Backdrop Click,closed,2024-08-12 19:34:01+00:00,2024-08-28 00:16:02+00:00,2024-08-28 00:16:01+00:00,,,https://github.com/twbs/bootstrap/issues/40716,False,False,m√©dia,15
2459657382,40715,School management ,closed,2024-08-11 16:13:49+00:00,2024-08-12 07:50:31+00:00,2024-08-12 07:50:31+00:00,,,https://github.com/twbs/bootstrap/issues/40715,False,False,m√©dia,0
2459525124,40714,"Docs: add descriptions for Webpack, Parcel and Vite",closed,2024-08-11 10:14:53+00:00,2024-12-18 21:20:26+00:00,2024-12-18 21:20:26+00:00,,,https://github.com/twbs/bootstrap/pull/40714,False,False,m√©dia,129
2459139522,40713,"Heads-up: Projects (classic) will be sunset on August 23, 2024. Only cards that have been updated in the last year will be migrated.",closed,2024-08-10 15:39:48+00:00,2024-08-11 13:09:00+00:00,2024-08-11 09:58:51+00:00,,,https://github.com/twbs/bootstrap/issues/40713,False,False,m√©dia,0
2458561144,40712,Test,closed,2024-08-09 19:43:25+00:00,2024-08-11 13:08:38+00:00,2024-08-10 07:24:18+00:00,,,https://github.com/twbs/bootstrap/pull/40712,False,True,m√©dia,0
2456337536,40709,Use gap property for flex box grid gutter,closed,2024-08-08 17:54:56+00:00,2024-11-15 06:10:59+00:00,2024-11-15 06:10:59+00:00,,,https://github.com/twbs/bootstrap/issues/40709,False,False,m√©dia,98
2453948491,40707,data-bs-* attributes not working in Toast Component in v5.3.3 and v5.0.2,closed,2024-08-07 17:08:05+00:00,2024-08-08 09:21:38+00:00,2024-08-08 09:20:30+00:00,,,https://github.com/twbs/bootstrap/issues/40707,False,False,m√©dia,0
2453188538,40704,Docs: Tweak some links,closed,2024-08-07 10:55:10+00:00,2024-08-13 12:32:59+00:00,2024-08-13 12:32:54+00:00,,,https://github.com/twbs/bootstrap/pull/40704,False,False,m√©dia,6
2452943558,40703,Docs: Update WCAG links and references,closed,2024-08-07 08:55:24+00:00,2024-08-07 10:11:09+00:00,2024-08-07 10:11:07+00:00,,,https://github.com/twbs/bootstrap/pull/40703,False,False,m√©dia,0
2451646845,40701,Add jQuery 4 compatibility to the bootstrap 3x branch,closed,2024-08-06 20:33:34+00:00,2024-11-13 05:03:04+00:00,2024-08-07 05:02:23+00:00,,,https://github.com/twbs/bootstrap/issues/40701,False,False,m√©dia,0
2450371768,40699,Build(deps-dev): Bump hugo-bin from 0.127.0 to 0.128.0,closed,2024-08-06 09:14:20+00:00,2024-08-13 09:11:07+00:00,2024-08-13 09:11:05+00:00,,,https://github.com/twbs/bootstrap/pull/40699,False,False,m√©dia,6
2450371167,40698,Build(deps-dev): Bump stylelint from 16.7.0 to 16.8.1,closed,2024-08-06 09:14:03+00:00,2024-08-13 12:39:16+00:00,2024-08-13 12:39:14+00:00,,,https://github.com/twbs/bootstrap/pull/40698,False,False,m√©dia,7
2450370718,40697,Build(deps-dev): Bump autoprefixer from 10.4.19 to 10.4.20,closed,2024-08-06 09:13:50+00:00,2024-08-13 12:40:10+00:00,2024-08-13 12:40:08+00:00,,,https://github.com/twbs/bootstrap/pull/40697,False,False,m√©dia,7
2450370403,40696,Build(deps-dev): Bump rollup from 4.19.1 to 4.20.0,closed,2024-08-06 09:13:41+00:00,2024-08-13 12:39:49+00:00,2024-08-13 12:39:45+00:00,,,https://github.com/twbs/bootstrap/pull/40696,False,False,m√©dia,7
2450322589,40695,Fix light mode carousel in dark mode,closed,2024-08-06 08:53:15+00:00,2024-12-19 07:23:59+00:00,2024-12-19 07:23:57+00:00,,,https://github.com/twbs/bootstrap/pull/40695,False,False,m√©dia,134
2448844096,40693,Bootstrap Cross-Site Scripting (XSS) vulnerability,closed,2024-08-05 15:29:10+00:00,2024-08-06 05:37:40+00:00,2024-08-06 05:37:35+00:00,,,https://github.com/twbs/bootstrap/issues/40693,False,False,m√©dia,0
2448577023,40692,Cross-Site Scripting (XSS) vulnerability - CVE-2024-6484,closed,2024-08-05 13:33:20+00:00,2024-08-13 09:29:51+00:00,2024-08-05 13:54:06+00:00,,,https://github.com/twbs/bootstrap/issues/40692,False,False,m√©dia,0
2447675858,40691,"Docs: add `aria-hidden=""true""` to decorative SVGs",closed,2024-08-05 06:02:29+00:00,2024-08-05 07:02:00+00:00,2024-08-05 07:01:59+00:00,,,https://github.com/twbs/bootstrap/pull/40691,False,False,m√©dia,0
2447131266,40690,tst c1,closed,2024-08-04 13:15:20+00:00,2024-08-04 13:15:59+00:00,2024-08-04 13:15:59+00:00,,,https://github.com/twbs/bootstrap/pull/40690,False,False,m√©dia,0
2445918480,40689,Docs: change wording of single/split danger buttons,closed,2024-08-03 00:43:45+00:00,2024-08-07 04:51:05+00:00,2024-08-07 04:51:04+00:00,,,https://github.com/twbs/bootstrap/pull/40689,False,False,m√©dia,4
2444211218,40686,docs: add `aria-hidden='true'` to decorative SVGs,closed,2024-08-02 06:53:20+00:00,2024-08-02 08:18:31+00:00,2024-08-02 08:18:29+00:00,,,https://github.com/twbs/bootstrap/pull/40686,False,False,m√©dia,0
2443951688,40685,`npm audit` reports moderate XSS vulnerability with bootstrap 4.6.2,closed,2024-08-02 03:53:58+00:00,2024-08-06 05:51:34+00:00,2024-08-02 05:04:02+00:00,,,https://github.com/twbs/bootstrap/issues/40685,False,False,m√©dia,0
2438397793,40681,Dark-mode with <nav> element not working,closed,2024-07-30 18:06:02+00:00,2024-07-31 05:23:37+00:00,2024-07-31 05:23:23+00:00,,,https://github.com/twbs/bootstrap/issues/40681,False,False,m√©dia,0
2437317183,40680,Build(deps-dev): Bump karma from 6.4.3 to 6.4.4,closed,2024-07-30 09:08:22+00:00,2024-07-30 09:13:45+00:00,2024-07-30 09:13:43+00:00,,,https://github.com/twbs/bootstrap/pull/40680,False,False,m√©dia,0
2437316757,40679,Build(deps-dev): Bump @babel/preset-env from 7.25.0 to 7.25.2,closed,2024-07-30 09:08:10+00:00,2024-07-30 09:13:12+00:00,2024-07-30 09:13:08+00:00,,,https://github.com/twbs/bootstrap/pull/40679,False,False,m√©dia,0
2437316271,40678,Build(deps-dev): Bump @babel/core from 7.24.9 to 7.25.2,closed,2024-07-30 09:07:56+00:00,2024-08-13 12:33:24+00:00,2024-08-13 12:33:22+00:00,,,https://github.com/twbs/bootstrap/pull/40678,False,False,m√©dia,14
2435582268,40676,Build(deps-dev): Bump stylelint from 16.7.0 to 16.8.0,closed,2024-07-29 14:27:37+00:00,2024-07-30 09:15:04+00:00,2024-07-30 09:14:56+00:00,,,https://github.com/twbs/bootstrap/pull/40676,False,False,m√©dia,0
2433244203,40673,Update devDependencies and regenerate package-lock.json,closed,2024-07-27 04:49:20+00:00,2024-07-29 14:26:04+00:00,2024-07-29 14:26:02+00:00,,,https://github.com/twbs/bootstrap/pull/40673,False,False,m√©dia,2
2433222163,40672,Update masthead wording,closed,2024-07-27 04:07:51+00:00,2024-07-30 05:30:12+00:00,2024-07-30 05:30:11+00:00,,,https://github.com/twbs/bootstrap/pull/40672,False,False,m√©dia,3
2432760524,40671,RTL alignment problems: navbar-nav and navbar-brand,closed,2024-07-26 18:17:47+00:00,2024-07-30 17:10:10+00:00,2024-07-30 17:10:09+00:00,,,https://github.com/twbs/bootstrap/issues/40671,False,False,m√©dia,3
2430440711,40666,T,closed,2024-07-25 16:09:30+00:00,2024-07-26 04:59:02+00:00,2024-07-25 16:16:30+00:00,,,https://github.com/twbs/bootstrap/issues/40666,False,False,m√©dia,0
2428924691,40665,"Hmm @mdo, my last comment seems to have been that snarky it filled out your brain so you couldn't think of anything else and it made you miss the point :) :) :)",closed,2024-07-25 03:54:06+00:00,2024-07-25 03:54:30+00:00,2024-07-25 03:54:25+00:00,,,https://github.com/twbs/bootstrap/issues/40665,False,False,m√©dia,0
2427689850,40663,Build(deps-dev): Bump rtlcss from 4.1.1 to 4.2.0,closed,2024-07-24 14:04:25+00:00,2024-07-29 14:30:46+00:00,2024-07-29 14:30:36+00:00,,,https://github.com/twbs/bootstrap/pull/40663,False,False,m√©dia,5
2427688858,40662,Build(deps-dev): Bump bundlewatch from 0.3.3 to 0.4.0,closed,2024-07-24 14:04:06+00:00,2024-07-24 14:06:02+00:00,2024-07-24 14:06:00+00:00,,,https://github.com/twbs/bootstrap/pull/40662,False,False,m√©dia,0
2426529886,40660,Javascript Error in dropdown-menu,closed,2024-07-24 03:42:11+00:00,2024-07-24 23:14:57+00:00,2024-07-24 05:48:04+00:00,,,https://github.com/twbs/bootstrap/issues/40660,False,False,m√©dia,0
2424219359,40655,Update devDependencies,closed,2024-07-23 04:15:50+00:00,2024-07-23 04:55:02+00:00,2024-07-23 04:55:01+00:00,,,https://github.com/twbs/bootstrap/pull/40655,False,False,m√©dia,0
2424129490,40654,PTOSS 3,closed,2024-07-23 02:49:41+00:00,2024-07-23 03:42:36+00:00,2024-07-23 03:42:36+00:00,,,https://github.com/twbs/bootstrap/pull/40654,False,False,m√©dia,0
2422745642,40651,Sass 1.77.8 produces warning messages,closed,2024-07-22 12:24:23+00:00,2024-09-03 16:00:22+00:00,2024-07-22 13:00:23+00:00,,,https://github.com/twbs/bootstrap/issues/40651,False,False,m√©dia,0
2418682002,40647,How to introduce bootstrap's Accordion footer separately,closed,2024-07-19 11:36:13+00:00,2024-07-19 12:14:34+00:00,2024-07-19 12:14:34+00:00,,,https://github.com/twbs/bootstrap/issues/40647,False,False,m√©dia,0
2415547778,40644, CSP Compatibility with bootstrap.min.js,closed,2024-07-18 07:02:16+00:00,2024-07-18 07:12:17+00:00,2024-07-18 07:12:17+00:00,,,https://github.com/twbs/bootstrap/issues/40644,False,False,m√©dia,0
2413645161,40643,Fix: Preserve Up/Down Arrow Key Scrolling Functionality in Tabs Navigation,closed,2024-07-17 13:34:59+00:00,2024-07-26 12:43:28+00:00,2024-07-22 09:41:00+00:00,,,https://github.com/twbs/bootstrap/pull/40643,False,False,m√©dia,4
2409347806,40639,Further image compression improvements,closed,2024-07-15 18:21:12+00:00,2024-07-23 04:47:37+00:00,2024-07-23 04:47:36+00:00,,,https://github.com/twbs/bootstrap/pull/40639,False,False,m√©dia,7
2409314836,40638,Build(deps-dev): Bump @babel/core from 7.24.7 to 7.24.9,closed,2024-07-15 18:02:22+00:00,2024-07-15 18:08:49+00:00,2024-07-15 18:08:48+00:00,,,https://github.com/twbs/bootstrap/pull/40638,False,False,m√©dia,0
2409313996,40637,Build(deps-dev): Bump @babel/preset-env from 7.24.7 to 7.24.8,closed,2024-07-15 18:02:00+00:00,2024-07-15 18:03:43+00:00,2024-07-15 18:03:41+00:00,,,https://github.com/twbs/bootstrap/pull/40637,False,False,m√©dia,0
2409304763,40636,Build(deps-dev): Bump stylelint from 16.6.1 to 16.7.0,closed,2024-07-15 17:56:50+00:00,2024-07-15 18:01:18+00:00,2024-07-15 18:01:16+00:00,,,https://github.com/twbs/bootstrap/pull/40636,False,False,m√©dia,0
2409304437,40635,Build(deps-dev): Bump sass from 1.77.6 to 1.77.8,closed,2024-07-15 17:56:38+00:00,2024-07-15 17:57:39+00:00,2024-07-15 17:57:37+00:00,,,https://github.com/twbs/bootstrap/pull/40635,False,False,m√©dia,0
2409304163,40634,Build(deps-dev): Bump eslint-plugin-markdown from 5.0.0 to 5.1.0,closed,2024-07-15 17:56:26+00:00,2024-07-15 17:58:42+00:00,2024-07-15 17:58:40+00:00,,,https://github.com/twbs/bootstrap/pull/40634,False,False,m√©dia,0
2409303917,40633,Build(deps-dev): Bump @babel/cli from 7.24.7 to 7.24.8,closed,2024-07-15 17:56:16+00:00,2024-07-29 04:04:02+00:00,2024-07-15 17:59:41+00:00,,,https://github.com/twbs/bootstrap/pull/40633,False,False,m√©dia,0
2409303603,40632,Build(deps-dev): Bump terser from 5.31.1 to 5.31.2,closed,2024-07-15 17:56:04+00:00,2024-07-29 04:05:21+00:00,2024-07-15 17:57:56+00:00,,,https://github.com/twbs/bootstrap/pull/40632,False,False,m√©dia,0
2407179338,40631,License for Bootstrap examples isn't clear,closed,2024-07-13 22:08:32+00:00,2024-07-26 16:04:29+00:00,2024-07-24 16:07:47+00:00,mdo,,https://github.com/twbs/bootstrap/issues/40631,False,False,m√©dia,10
2406038117,40630,"5.3.3 - class=""alert alert-danger"" : Doesn't show alert text color",closed,2024-07-12 17:28:55+00:00,2024-07-14 11:17:46+00:00,2024-07-14 11:17:46+00:00,,,https://github.com/twbs/bootstrap/issues/40630,False,False,m√©dia,1
2405130635,40629,"Regarding Border - start and end, not working!",closed,2024-07-12 09:19:30+00:00,2024-07-12 09:33:37+00:00,2024-07-12 09:33:36+00:00,,,https://github.com/twbs/bootstrap/issues/40629,False,False,m√©dia,0
2403491211,40627,Error Cannot read properties of undefined (reading 'backdrop'),closed,2024-07-11 15:31:15+00:00,2024-07-11 15:52:01+00:00,2024-07-11 15:52:01+00:00,,,https://github.com/twbs/bootstrap/issues/40627,False,False,m√©dia,0
2402976148,40626,"last line ""text -danger"" replace to ""text -success"". ",closed,2024-07-11 11:46:02+00:00,2024-07-11 11:52:49+00:00,2024-07-11 11:52:48+00:00,,,https://github.com/twbs/bootstrap/issues/40626,False,False,m√©dia,0
2402868424,40625,Bootstrap 5.3 - fixed-top navbar versus dark themeProvide a general summary of the issue,closed,2024-07-11 10:46:47+00:00,2024-07-11 11:48:29+00:00,2024-07-11 11:48:29+00:00,,,https://github.com/twbs/bootstrap/issues/40625,False,False,m√©dia,0
2401044791,40623,Fix use of declarations after nested rules (deprecated in Sass 1.77.7),closed,2024-07-10 15:14:24+00:00,2024-11-08 09:18:48+00:00,2024-07-15 21:10:14+00:00,,,https://github.com/twbs/bootstrap/pull/40623,False,False,m√©dia,5
2400662524,40622,Deprecation notices with latest Dart Sass 1.77.7,closed,2024-07-10 12:43:41+00:00,2024-07-10 12:57:51+00:00,2024-07-10 12:57:51+00:00,,,https://github.com/twbs/bootstrap/issues/40622,False,True,m√©dia,0
2400652923,40621,SASS deprecation warnings with version 1.77.7 - Mixed declarations,closed,2024-07-10 12:39:30+00:00,2025-01-23 08:24:44+00:00,2024-07-15 21:10:15+00:00,,,https://github.com/twbs/bootstrap/issues/40621,False,False,m√©dia,5
2399906664,40620,Docs: minor accessibility improvements for Examples,closed,2024-07-10 06:52:26+00:00,2024-07-19 05:01:24+00:00,2024-07-19 04:45:43+00:00,,,https://github.com/twbs/bootstrap/pull/40620,False,False,baixa,8
2397986379,40619,Docs: Fix a minor accessibility issue (checkout example missing h1),closed,2024-07-09 11:49:34+00:00,2024-07-10 05:13:17+00:00,2024-07-10 04:51:52+00:00,,,https://github.com/twbs/bootstrap/pull/40619,False,False,baixa,0
2397645133,40618,Build(deps-dev): Bump @stackblitz/sdk from 1.10.0 to 1.11.0,closed,2024-07-09 09:24:51+00:00,2024-07-15 17:53:45+00:00,2024-07-15 17:53:43+00:00,,,https://github.com/twbs/bootstrap/pull/40618,False,False,m√©dia,6
2397644893,40617,Build(deps-dev): Bump rollup from 4.18.0 to 4.18.1,closed,2024-07-09 09:24:43+00:00,2024-07-15 17:55:18+00:00,2024-07-15 17:55:17+00:00,,,https://github.com/twbs/bootstrap/pull/40617,False,False,m√©dia,6
2397644500,40616,Build(deps-dev): Bump npm-run-all2 from 6.2.0 to 6.2.2,closed,2024-07-09 09:24:30+00:00,2024-07-15 17:54:50+00:00,2024-07-15 17:54:48+00:00,,,https://github.com/twbs/bootstrap/pull/40616,False,False,m√©dia,6
2397644001,40615,Build(deps-dev): Bump hugo-bin from 0.125.0 to 0.125.2,closed,2024-07-09 09:24:16+00:00,2024-07-15 17:54:24+00:00,2024-07-15 17:54:22+00:00,,,https://github.com/twbs/bootstrap/pull/40615,False,False,m√©dia,6
2397550324,40613,const myModal = document.getElementById('myModal') doesn't work,closed,2024-07-09 08:45:11+00:00,2024-07-12 04:47:04+00:00,2024-07-12 04:47:04+00:00,,,https://github.com/twbs/bootstrap/issues/40613,False,False,m√©dia,2
2397486513,40612,Col-auto doesn't have width equal to its content when content is a nested BS grid,closed,2024-07-09 08:19:17+00:00,2024-07-09 08:51:40+00:00,2024-07-09 08:51:40+00:00,,,https://github.com/twbs/bootstrap/issues/40612,False,False,m√©dia,0
2393975933,40611,Global configuration to enable the use of calc Fixed,closed,2024-07-07 09:41:56+00:00,2024-10-06 09:52:00+00:00,2024-10-06 09:52:00+00:00,,,https://github.com/twbs/bootstrap/pull/40611,False,False,m√©dia,91
2388306490,40606,#39817 issue to add outlined badges,closed,2024-07-03 10:48:01+00:00,2024-07-03 10:54:23+00:00,2024-07-03 10:54:23+00:00,,,https://github.com/twbs/bootstrap/pull/40606,False,False,m√©dia,0
2385172681,40604,Build(deps-dev): Bump stylelint-config-twbs-bootstrap from 14.1.0 to 14.2.0,closed,2024-07-02 04:17:16+00:00,2024-07-02 04:23:10+00:00,2024-07-02 04:23:08+00:00,,,https://github.com/twbs/bootstrap/pull/40604,False,False,m√©dia,0
2385172487,40603,Build(deps-dev): Bump @rollup/plugin-commonjs from 25.0.8 to 26.0.1,closed,2024-07-02 04:17:08+00:00,2024-07-02 04:23:01+00:00,2024-07-02 04:23:00+00:00,,,https://github.com/twbs/bootstrap/pull/40603,False,False,m√©dia,0
2385172273,40602,Build(deps-dev): Bump postcss from 8.4.38 to 8.4.39,closed,2024-07-02 04:16:57+00:00,2024-07-02 04:20:36+00:00,2024-07-02 04:20:35+00:00,,,https://github.com/twbs/bootstrap/pull/40602,False,False,m√©dia,0
2385171812,40601,Build(deps-dev): Bump terser from 5.31.0 to 5.31.1,closed,2024-07-02 04:16:38+00:00,2024-07-02 04:25:17+00:00,2024-07-02 04:25:16+00:00,,,https://github.com/twbs/bootstrap/pull/40601,False,False,m√©dia,0
2385167124,40600,Build(deps-dev): Bump npm-run-all2 from 6.1.2 to 6.2.0,closed,2024-07-02 04:12:52+00:00,2024-07-02 04:18:09+00:00,2024-07-02 04:18:07+00:00,,,https://github.com/twbs/bootstrap/pull/40600,False,False,m√©dia,0
2385166199,40599,Build(deps-dev): Bump hugo-bin from 0.123.3 to 0.125.0,closed,2024-07-02 04:12:05+00:00,2024-07-02 04:14:37+00:00,2024-07-02 04:14:36+00:00,,,https://github.com/twbs/bootstrap/pull/40599,False,False,m√©dia,0
2385165941,40598,Build(deps-dev): Bump nodemon from 3.1.3 to 3.1.4,closed,2024-07-02 04:11:54+00:00,2024-07-02 04:15:53+00:00,2024-07-02 04:15:52+00:00,,,https://github.com/twbs/bootstrap/pull/40598,False,False,m√©dia,0
2385165667,40597,Build(deps-dev): Bump sass from 1.77.4 to 1.77.6,closed,2024-07-02 04:11:40+00:00,2024-07-02 04:13:40+00:00,2024-07-02 04:13:39+00:00,,,https://github.com/twbs/bootstrap/pull/40597,False,False,m√©dia,0
2385165392,40596,Build(deps-dev): Bump lockfile-lint from 4.13.2 to 4.14.0,closed,2024-07-02 04:11:25+00:00,2024-07-02 04:13:13+00:00,2024-07-02 04:13:11+00:00,,,https://github.com/twbs/bootstrap/pull/40596,False,False,m√©dia,0
2385165151,40595,Build(deps-dev): Bump @rollup/plugin-replace from 5.0.5 to 5.0.7,closed,2024-07-02 04:11:11+00:00,2024-07-02 04:12:38+00:00,2024-07-02 04:12:36+00:00,,,https://github.com/twbs/bootstrap/pull/40595,False,False,m√©dia,0
2385146981,40594,Build(deps): Bump the npm_and_yarn group with 3 updates,closed,2024-07-02 03:57:22+00:00,2024-07-02 03:58:44+00:00,2024-07-02 03:58:42+00:00,,,https://github.com/twbs/bootstrap/pull/40594,False,False,m√©dia,0
2383063460,40593,sidebar,closed,2024-07-01 07:26:56+00:00,2024-07-01 07:53:17+00:00,2024-07-01 07:53:17+00:00,,,https://github.com/twbs/bootstrap/issues/40593,False,False,m√©dia,0
2382339742,40592,Zaktualizowana dokumentacja w README.md,closed,2024-06-30 16:58:34+00:00,2024-06-30 17:04:30+00:00,2024-06-30 17:04:30+00:00,,,https://github.com/twbs/bootstrap/pull/40592,False,False,m√©dia,0
2374118774,40583,Carousel shows enlarged image when pressing next or previous if the carousel is wrapped in float CSS,closed,2024-06-26 03:35:28+00:00,2024-06-26 06:01:04+00:00,2024-06-26 06:01:04+00:00,,,https://github.com/twbs/bootstrap/issues/40583,False,False,m√©dia,0
2372804333,40580,Update select.md,closed,2024-06-25 14:09:11+00:00,2024-06-25 15:19:11+00:00,2024-06-25 15:19:11+00:00,,,https://github.com/twbs/bootstrap/pull/40580,False,False,m√©dia,0
2372371212,40579,Accessibility problems with pagination controls,closed,2024-06-25 10:54:54+00:00,2024-07-01 14:40:51+00:00,2024-07-01 14:40:50+00:00,patrickhlauke,,https://github.com/twbs/bootstrap/issues/40579,False,False,m√©dia,6
2371873624,40577,Docs: Add main element to Cheatsheet Examples,closed,2024-06-25 07:09:49+00:00,2024-06-25 13:35:50+00:00,2024-06-25 13:34:12+00:00,,,https://github.com/twbs/bootstrap/pull/40577,False,False,m√©dia,0
2367367089,40575,Adding backdrop-filter blur on navbar breaks offcanvas element,closed,2024-06-21 23:54:36+00:00,2024-06-24 09:07:23+00:00,2024-06-24 09:07:23+00:00,,,https://github.com/twbs/bootstrap/issues/40575,False,False,m√©dia,2
2361900225,40568,Update bootstrap.css,closed,2024-06-19 09:48:06+00:00,2024-06-19 10:07:08+00:00,2024-06-19 10:05:25+00:00,,,https://github.com/twbs/bootstrap/pull/40568,False,False,m√©dia,0
2359344663,40565,Build(deps-dev): Bump eslint-plugin-unicorn from 52.0.0 to 54.0.0,closed,2024-06-18 09:04:56+00:00,2024-07-02 04:09:51+00:00,2024-07-02 04:09:50+00:00,,,https://github.com/twbs/bootstrap/pull/40565,False,False,m√©dia,13
2355930641,40564,Accessibility: Bootstrap must not remove outline on focusable disabled buttons ,closed,2024-06-16 19:05:38+00:00,2024-06-21 08:54:43+00:00,2024-06-17 21:47:45+00:00,patrickhlauke,,https://github.com/twbs/bootstrap/issues/40564,False,False,m√©dia,1
2355770348,40563,User2ÁöÑÊèê‰∫§,closed,2024-06-16 13:23:54+00:00,2024-06-16 18:04:11+00:00,2024-06-16 18:04:11+00:00,,,https://github.com/twbs/bootstrap/pull/40563,False,False,m√©dia,0
2355620766,40561,[build] 'ip' dependency package flagged with high security advisory flag,closed,2024-06-16 09:43:46+00:00,2024-07-02 04:02:33+00:00,2024-07-02 04:02:33+00:00,XhmikosR,,https://github.com/twbs/bootstrap/issues/40561,False,False,m√©dia,15
2355051283,40560,Docs have conflicting information regarding customization,closed,2024-06-15 17:20:45+00:00,2024-06-16 18:23:06+00:00,2024-06-16 18:23:06+00:00,,,https://github.com/twbs/bootstrap/issues/40560,False,False,m√©dia,1
2354515790,40558,boot,closed,2024-06-15 04:09:23+00:00,2024-06-15 07:52:42+00:00,2024-06-15 07:52:42+00:00,,,https://github.com/twbs/bootstrap/issues/40558,False,False,m√©dia,0
2351898677,40555,Search Bar Not Displaying and Screen Freezing on Double Click on Small Phone Devices,closed,2024-06-13 19:24:08+00:00,2024-06-22 16:03:52+00:00,2024-06-22 16:03:45+00:00,,,https://github.com/twbs/bootstrap/issues/40555,False,False,m√©dia,8
2349497282,40554,Please refund me for Bootstrap Theme,closed,2024-06-12 19:04:42+00:00,2024-06-13 01:17:30+00:00,2024-06-13 01:17:29+00:00,,,https://github.com/twbs/bootstrap/issues/40554,False,False,m√©dia,0
2347157426,40552,Add Linux icon,closed,2024-06-11 19:42:44+00:00,2024-06-13 01:12:57+00:00,2024-06-13 01:12:57+00:00,,,https://github.com/twbs/bootstrap/issues/40552,False,False,m√©dia,1
2347137191,40551,Floating labels: Artificial label background clashing with autofill / per-field styling,closed,2024-06-11 19:29:40+00:00,2024-06-20 07:18:25+00:00,2024-06-20 07:18:25+00:00,,,https://github.com/twbs/bootstrap/issues/40551,False,False,m√©dia,8
2345908817,40548,Build(deps-dev): Bump @babel/core from 7.24.5 to 7.24.7,closed,2024-06-11 09:34:29+00:00,2024-07-02 04:03:46+00:00,2024-07-02 04:03:44+00:00,,,https://github.com/twbs/bootstrap/pull/40548,False,False,m√©dia,20
2345908274,40547,Build(deps-dev): Bump @babel/preset-env from 7.24.5 to 7.24.7,closed,2024-06-11 09:34:19+00:00,2024-07-02 04:01:28+00:00,2024-07-02 04:01:26+00:00,,,https://github.com/twbs/bootstrap/pull/40547,False,False,m√©dia,20
2345907380,40546,Build(deps-dev): Bump @stackblitz/sdk from 1.9.0 to 1.10.0,closed,2024-06-11 09:34:04+00:00,2024-07-02 03:56:40+00:00,2024-07-02 03:56:38+00:00,,,https://github.com/twbs/bootstrap/pull/40546,False,False,m√©dia,20
2345906973,40545,Build(deps-dev): Bump @babel/cli from 7.24.5 to 7.24.7,closed,2024-06-11 09:33:56+00:00,2024-07-02 03:58:01+00:00,2024-07-02 03:58:00+00:00,,,https://github.com/twbs/bootstrap/pull/40545,False,False,m√©dia,20
2345123148,40544,Adding a 'Prerequisites' section to Bootstrap component documentation that utilize JS bundle and/or Popper,closed,2024-06-11 01:15:48+00:00,2024-06-13 01:29:44+00:00,2024-06-13 01:29:44+00:00,,,https://github.com/twbs/bootstrap/pull/40544,False,False,m√©dia,2
2343817281,40542,Multiple select doesn't seem to be working,closed,2024-06-10 12:41:52+00:00,2024-06-10 13:25:33+00:00,2024-06-10 13:23:14+00:00,,,https://github.com/twbs/bootstrap/issues/40542,False,False,m√©dia,0
2343088591,40540,"Please check the class of ""Hidden only on xxl""",closed,2024-06-10 07:29:28+00:00,2024-06-10 12:37:44+00:00,2024-06-10 12:37:43+00:00,,,https://github.com/twbs/bootstrap/issues/40540,False,False,m√©dia,0
2341753273,40538,Dropdown is not working,closed,2024-06-08 17:30:33+00:00,2024-06-10 16:53:32+00:00,2024-06-10 16:53:31+00:00,,,https://github.com/twbs/bootstrap/issues/40538,False,False,m√©dia,1
2341063962,40537,Order of bootstrap grid system wrong,closed,2024-06-07 19:45:18+00:00,2024-06-10 16:52:42+00:00,2024-06-10 16:52:42+00:00,,,https://github.com/twbs/bootstrap/issues/40537,False,False,m√©dia,2
2335426588,40534,ankurchangani,closed,2024-06-05 09:52:08+00:00,2024-06-05 09:57:47+00:00,2024-06-05 09:57:47+00:00,,,https://github.com/twbs/bootstrap/issues/40534,False,False,m√©dia,0
2334193251,40531,Carousel swiping does not work on Desktop browser,closed,2024-06-04 19:06:41+00:00,2024-06-14 19:36:44+00:00,2024-06-14 19:36:44+00:00,,,https://github.com/twbs/bootstrap/issues/40531,False,False,m√©dia,10
2333669780,40530,Build(deps-dev): Bump nodemon from 3.1.0 to 3.1.3,closed,2024-06-04 14:19:37+00:00,2024-06-04 14:23:05+00:00,2024-06-04 14:23:04+00:00,,,https://github.com/twbs/bootstrap/pull/40530,False,False,m√©dia,0
2333669352,40529,Build(deps-dev): Bump eslint-plugin-unicorn from 52.0.0 to 53.0.0,closed,2024-06-04 14:19:27+00:00,2024-06-18 09:05:03+00:00,2024-06-18 09:05:01+00:00,,,https://github.com/twbs/bootstrap/pull/40529,False,False,m√©dia,13
2333668958,40528,Build(deps-dev): Bump rollup from 4.17.2 to 4.18.0,closed,2024-06-04 14:19:16+00:00,2024-06-04 14:22:40+00:00,2024-06-04 14:22:39+00:00,,,https://github.com/twbs/bootstrap/pull/40528,False,False,m√©dia,0
2333668467,40527,Build(deps-dev): Bump @rollup/plugin-commonjs from 25.0.7 to 25.0.8,closed,2024-06-04 14:19:04+00:00,2024-06-04 14:22:21+00:00,2024-06-04 14:22:20+00:00,,,https://github.com/twbs/bootstrap/pull/40527,False,False,m√©dia,0
2333158713,40522,docs: fix typo in the getting started introduction,closed,2024-06-04 10:28:19+00:00,2024-06-04 11:53:26+00:00,2024-06-04 11:53:25+00:00,,,https://github.com/twbs/bootstrap/pull/40522,False,False,m√©dia,0
2333010918,40521,Build(deps-dev): Bump hugo-bin from 0.122.5 to 0.123.3,closed,2024-06-04 09:20:55+00:00,2024-06-04 14:13:38+00:00,2024-06-04 14:13:37+00:00,,,https://github.com/twbs/bootstrap/pull/40521,False,False,m√©dia,0
2333010892,40520,Build(deps-dev): Bump stylelint from 16.4.0 to 16.6.1,closed,2024-06-04 09:20:54+00:00,2024-06-04 14:14:14+00:00,2024-06-04 14:14:13+00:00,,,https://github.com/twbs/bootstrap/pull/40520,False,False,m√©dia,0
2333010890,40519,Build(deps-dev): Bump sass from 1.76.0 to 1.77.4,closed,2024-06-04 09:20:54+00:00,2024-06-04 14:16:30+00:00,2024-06-04 14:16:29+00:00,,,https://github.com/twbs/bootstrap/pull/40519,False,False,m√©dia,0
2332046579,40517,Update README.md,closed,2024-06-03 21:02:01+00:00,2024-06-04 06:42:58+00:00,2024-06-04 06:42:58+00:00,,,https://github.com/twbs/bootstrap/pull/40517,False,False,m√©dia,0
2329596706,40514,"Added classes for cursor styles, syntax `cursor-<style>`",closed,2024-06-02 11:05:46+00:00,2024-06-04 08:32:53+00:00,2024-06-04 07:08:03+00:00,,,https://github.com/twbs/bootstrap/pull/40514,False,False,m√©dia,1
2329435035,40513,Create ariel 2206,closed,2024-06-02 02:37:12+00:00,2024-06-02 05:57:28+00:00,2024-06-02 05:57:28+00:00,,,https://github.com/twbs/bootstrap/pull/40513,False,False,m√©dia,0
2327834431,40512,can't open right dropdown when DOM has more,closed,2024-05-31 13:23:27+00:00,2024-07-24 16:19:21+00:00,2024-07-24 16:19:21+00:00,,,https://github.com/twbs/bootstrap/issues/40512,False,False,m√©dia,54
2326759083,40511,Á¨¨‰∏ÄÊ¨°ÂêàÂπ∂,closed,2024-05-31 00:26:06+00:00,2024-05-31 03:53:18+00:00,2024-05-31 03:53:18+00:00,,,https://github.com/twbs/bootstrap/pull/40511,False,False,m√©dia,0
2324589732,40509,meÁöÑÊèê‰∫§,closed,2024-05-30 02:54:26+00:00,2024-05-30 05:27:37+00:00,2024-05-30 05:27:19+00:00,,,https://github.com/twbs/bootstrap/pull/40509,False,False,m√©dia,0
2324087038,40508,Update bootstrap.min.css,closed,2024-05-29 19:27:35+00:00,2024-05-30 05:28:11+00:00,2024-05-30 05:28:05+00:00,,,https://github.com/twbs/bootstrap/pull/40508,False,False,m√©dia,0
2323409866,40507,Docs: HTTPS link to ikons iconset,closed,2024-05-29 13:58:34+00:00,2024-05-30 05:42:20+00:00,2024-05-30 05:32:48+00:00,,,https://github.com/twbs/bootstrap/pull/40507,False,False,m√©dia,0
2323298217,40506,Add Description of What Things Like Webpack and Parcel Is,closed,2024-05-29 13:12:23+00:00,2024-12-18 21:20:27+00:00,2024-12-18 21:20:27+00:00,,,https://github.com/twbs/bootstrap/issues/40506,False,False,m√©dia,203
2322409403,40504,"docs: add missing `data-bs-theme=""light""` in navbars color schemes markup",closed,2024-05-29 05:46:04+00:00,2024-05-29 06:35:16+00:00,2024-05-29 06:35:16+00:00,,,https://github.com/twbs/bootstrap/pull/40504,False,False,m√©dia,0
2321992832,40502,Suggistion for bootstrap ,closed,2024-05-28 22:03:53+00:00,2024-05-29 05:38:37+00:00,2024-05-29 05:38:37+00:00,,,https://github.com/twbs/bootstrap/issues/40502,False,False,m√©dia,0
2320590858,40501,Build(deps-dev): Bump stylelint from 16.4.0 to 16.6.0,closed,2024-05-28 09:36:07+00:00,2024-06-04 09:21:00+00:00,2024-06-04 09:20:59+00:00,,,https://github.com/twbs/bootstrap/pull/40501,False,False,m√©dia,6
2320030210,40499,Form control placeholder colour has incorrect opacity,closed,2024-05-28 03:01:57+00:00,2024-06-13 08:15:01+00:00,2024-06-13 01:59:23+00:00,,,https://github.com/twbs/bootstrap/issues/40499,False,False,m√©dia,15
2319601328,40498,test a commit,closed,2024-05-27 18:10:04+00:00,2024-05-27 18:10:36+00:00,2024-05-27 18:10:33+00:00,,,https://github.com/twbs/bootstrap/pull/40498,False,True,m√©dia,0
2318574731,40495,"Unable to focus the input in the popup, and the popup closes immediately when placed inside the Offcanvas",closed,2024-05-27 08:31:36+00:00,2024-06-25 07:59:11+00:00,2024-06-25 00:14:44+00:00,,,https://github.com/twbs/bootstrap/issues/40495,False,False,m√©dia,28
2317793051,40493,"When on dark theme, carousel child element set with light theme not displayed properly ",closed,2024-05-26 15:46:37+00:00,2024-12-19 07:23:59+00:00,2024-12-19 07:23:59+00:00,,,https://github.com/twbs/bootstrap/issues/40493,False,False,m√©dia,206
2317604704,40492,Docs: change DOM of modals containing forms,closed,2024-05-26 09:28:51+00:00,2024-06-13 01:20:44+00:00,2024-06-13 01:20:43+00:00,,,https://github.com/twbs/bootstrap/pull/40492,False,False,m√©dia,17
2317406404,40491,[Docs] Form inside modal,closed,2024-05-26 02:56:36+00:00,2024-06-13 01:20:30+00:00,2024-06-13 01:20:29+00:00,,,https://github.com/twbs/bootstrap/issues/40491,False,False,m√©dia,17
2317215438,40490,New button class:  btn-neutral,closed,2024-05-25 20:18:18+00:00,2024-06-13 02:09:49+00:00,2024-06-13 01:58:39+00:00,,,https://github.com/twbs/bootstrap/issues/40490,False,False,m√©dia,18
2316713072,40488,button-group: Fix `btn-group-vertical` by using same rules as `btn-group`,closed,2024-05-25 05:13:30+00:00,2024-05-30 05:49:29+00:00,2024-05-30 05:49:29+00:00,,,https://github.com/twbs/bootstrap/pull/40488,False,False,m√©dia,5
2316695819,40487,Wrong border radius first element in `btn-group-vertical` is a dropdown,closed,2024-05-25 04:52:08+00:00,2024-05-30 05:49:29+00:00,2024-05-30 05:49:29+00:00,,,https://github.com/twbs/bootstrap/issues/40487,False,False,m√©dia,5
2315995421,40486,Don't know why this issue was closed,closed,2024-05-24 18:22:40+00:00,2024-05-25 05:33:07+00:00,2024-05-25 05:33:07+00:00,,,https://github.com/twbs/bootstrap/issues/40486,False,False,m√©dia,0
2313233831,40484,"Test, Please ignore",closed,2024-05-23 15:36:04+00:00,2024-05-23 15:36:31+00:00,2024-05-23 15:36:31+00:00,,,https://github.com/twbs/bootstrap/pull/40484,False,True,m√©dia,0
2310910106,40439,"Simplify link styling using :is(), to avoid additional rule with :not().",closed,2024-05-22 16:01:10+00:00,2024-07-02 04:25:01+00:00,2024-07-02 04:25:01+00:00,,,https://github.com/twbs/bootstrap/pull/40439,False,False,m√©dia,40
2310488688,40438,Navs and Tabs - Tabs doesn't work correctly when nav-links are anchors <a>,closed,2024-05-22 13:03:36+00:00,2024-05-23 04:30:22+00:00,2024-05-22 13:22:04+00:00,,,https://github.com/twbs/bootstrap/issues/40438,False,False,m√©dia,0
2309149295,40437,Dark Mode HTML tag Attribute is incorrect in the DOCUMENTATION and elsewhere on the web for Bootstrap 5.3.0+,closed,2024-05-21 21:32:07+00:00,2024-05-22 06:16:32+00:00,2024-05-22 06:16:32+00:00,,,https://github.com/twbs/bootstrap/issues/40437,False,False,m√©dia,0
2308293778,40419,Fix breakpoint name in migration docs,closed,2024-05-21 13:17:39+00:00,2024-05-21 13:32:40+00:00,2024-05-21 13:32:27+00:00,,,https://github.com/twbs/bootstrap/pull/40419,False,False,m√©dia,0
2307940654,40417,Could you integrate popper.min.js as well? Right now popper is not available as a package for composer. ,closed,2024-05-21 10:24:28+00:00,2024-05-23 00:25:59+00:00,2024-05-22 17:21:37+00:00,,,https://github.com/twbs/bootstrap/issues/40417,False,False,m√©dia,1
2307783220,40416,Build(deps-dev): Bump hugo-bin from 0.122.5 to 0.123.1,closed,2024-05-21 09:10:30+00:00,2024-06-04 09:21:02+00:00,2024-06-04 09:21:00+00:00,,,https://github.com/twbs/bootstrap/pull/40416,False,False,m√©dia,14
2307782779,40415,Build(deps-dev): Bump sass from 1.76.0 to 1.77.2,closed,2024-05-21 09:10:17+00:00,2024-06-04 09:21:02+00:00,2024-06-04 09:21:00+00:00,,,https://github.com/twbs/bootstrap/pull/40415,False,False,m√©dia,14
2306325486,40411,Update README.md,closed,2024-05-20 16:16:53+00:00,2024-05-20 16:28:43+00:00,2024-05-20 16:28:43+00:00,,,https://github.com/twbs/bootstrap/pull/40411,False,False,m√©dia,0
2303832773,40224,Inaccessible Bootstrap CDN Link - Privacy Error (?),closed,2024-05-18 03:53:12+00:00,2024-05-18 07:07:02+00:00,2024-05-18 07:07:02+00:00,,,https://github.com/twbs/bootstrap/issues/40224,False,False,m√©dia,0
2299873736,39991,Update bootstrap.css,closed,2024-05-16 09:37:42+00:00,2024-05-16 12:00:56+00:00,2024-05-16 12:00:56+00:00,,,https://github.com/twbs/bootstrap/pull/39991,False,False,m√©dia,0
2297120740,39986,d-sm-none not working in ul,closed,2024-05-15 07:42:49+00:00,2024-05-15 10:17:13+00:00,2024-05-15 10:17:13+00:00,,,https://github.com/twbs/bootstrap/issues/39986,False,False,m√©dia,0
2296298265,39983,Build(deps-dev): Bump hugo-bin from 0.122.5 to 0.123.0,closed,2024-05-14 19:49:48+00:00,2024-05-21 09:10:36+00:00,2024-05-21 09:10:35+00:00,,,https://github.com/twbs/bootstrap/pull/39983,False,False,m√©dia,6
2296295142,39982,Build(deps-dev): Bump sass from 1.76.0 to 1.77.1,closed,2024-05-14 19:48:29+00:00,2024-05-21 09:10:24+00:00,2024-05-21 09:10:23+00:00,,,https://github.com/twbs/bootstrap/pull/39982,False,False,m√©dia,6
2295357209,39981,In .btn class font-family is missing in bootstrap v5.3.3,closed,2024-05-14 12:48:41+00:00,2024-05-14 13:02:39+00:00,2024-05-14 13:02:39+00:00,,,https://github.com/twbs/bootstrap/issues/39981,False,False,m√©dia,0
2295194892,39980,Docs: add missing Accordion component in the list of JS components ,closed,2024-05-14 11:38:41+00:00,2024-05-25 06:02:30+00:00,2024-05-25 06:02:29+00:00,,,https://github.com/twbs/bootstrap/pull/39980,False,False,m√©dia,10
2293050701,39979,Column width auto is not always spaced evenly,closed,2024-05-13 14:45:05+00:00,2024-06-13 01:56:33+00:00,2024-06-13 01:56:33+00:00,,,https://github.com/twbs/bootstrap/issues/39979,False,False,m√©dia,30
2292514748,39978,dart-sass error since bootstrap 5.3.3,closed,2024-05-13 11:13:29+00:00,2024-11-27 21:26:38+00:00,2024-06-17 15:06:01+00:00,,,https://github.com/twbs/bootstrap/issues/39978,False,False,m√©dia,35
2291251260,39976,Add usage of box shadow variable,closed,2024-05-12 09:27:37+00:00,2024-05-13 07:07:32+00:00,2024-05-13 07:07:32+00:00,,,https://github.com/twbs/bootstrap/pull/39976,False,False,m√©dia,0
2289353947,39975,Base Bootstrap on TailwindCSS,closed,2024-05-10 09:24:01+00:00,2024-05-13 07:19:40+00:00,2024-05-13 07:19:39+00:00,,,https://github.com/twbs/bootstrap/issues/39975,False,False,m√©dia,2
2285079229,39969,Horizontal tabs: Down and Up Arrows usage not allowed,closed,2024-05-08 09:03:38+00:00,2024-07-31 17:47:44+00:00,2024-07-22 09:39:31+00:00,,,https://github.com/twbs/bootstrap/issues/39969,False,False,m√©dia,75
2284302425,39968,table-group-divider for top and bottom,closed,2024-05-07 22:03:05+00:00,2024-06-13 01:52:00+00:00,2024-06-13 01:52:00+00:00,,,https://github.com/twbs/bootstrap/issues/39968,False,False,m√©dia,36
2282707300,39967,Build(deps-dev): Bump eslint-config-xo from 0.44.0 to 0.45.0,closed,2024-05-07 09:11:13+00:00,2024-06-04 15:28:46+00:00,2024-06-04 15:28:46+00:00,,,https://github.com/twbs/bootstrap/pull/39967,False,False,m√©dia,28
2282706154,39966,Build(deps-dev): Bump stylelint from 16.4.0 to 16.5.0,closed,2024-05-07 09:10:38+00:00,2024-05-28 09:36:15+00:00,2024-05-28 09:36:13+00:00,,,https://github.com/twbs/bootstrap/pull/39966,False,False,m√©dia,21
2282705200,39965,Build(deps-dev): Bump sass from 1.76.0 to 1.77.0,closed,2024-05-07 09:10:10+00:00,2024-05-14 19:48:35+00:00,2024-05-14 19:48:33+00:00,,,https://github.com/twbs/bootstrap/pull/39965,False,False,m√©dia,7
2282704205,39964,Build(deps-dev): Bump eslint-plugin-markdown from 4.0.1 to 5.0.0,closed,2024-05-07 09:09:41+00:00,2024-06-04 14:16:54+00:00,2024-06-04 14:16:53+00:00,,,https://github.com/twbs/bootstrap/pull/39964,False,False,m√©dia,28
